Timeline,Start time,Duration,Row,Instance number,1st Phase Pass,1st Phase Receiver,2nd Phase Pass,2nd Phase Receiver,Deflection Success,Feed Location,Feed Success,Gains / Turnover Reason,Penalty Reason,Player,Quarter,Shooter Position,Shot Location,Shot Outcome,Turnover Location,Ungrouped,Notes,Flags
SGPvsSwans_20260710,56.47286666666667,28.30162540898983,SGP CPA,1,,Not Taken,,,,"Circle Edge, Inside Circle","YES, YES",,,,"Q1, Q1, Q1, Q1, Q1, Q1",GS,Inner Right,OPP Goal,,,,
SGPvsSwans_20260710,101.17323226464775,18.701446797008003,SGP CPA,2,Center Right Attack,GA,Attacking Right,WA,,Circle Edge,YES,,,,"Q1, Q1, Q1, Q1",GA,Outer Middle,SGP Goal,,,,
SGPvsSwans_20260710,190.57296315366148,43.599834030990905,SGP CPA,3,,Not Taken,,,,"Circle Edge, Inside Circle","YES, YES",,,,"Q1, Q1, Q1, Q1, Q1, Q1, Q1",GA,Inner Middle,SGP Goal,,,,
SGPvsSwans_20260710,249.40227575865015,36.87169022001319,SGP CPA,4,,Not Taken,,,,Circle Edge,YES,,,,"Q1, Q1, Q1, Q1, Q1",GA,Inner Middle,OPP Goal,,,,
SGPvsSwans_20260710,299.77329761465637,70.80119462498959,SGP CPA,5,Center Right Attack,GA,Attacking Right,GS,,"Circle Edge, Outside Circle","NO, YES",,,,"Q1, Q1, Q1, Q1, Q1, Q1, Q1, Q1",GS,Inner Middle,OPP Goal,,,,
SGPvsSwans_20260710,439.06698162665816,50.30834835500531,SGP CPA,6,Center Mid Attack,WA,Attacking Middle,GS,,"Circle Edge, Circle Edge, Circle Edge, Circle Edge","YES, YES, NO, YES",,,,"Q1, Q1, Q1, Q1, Q1, Q1, Q1, Q1, Q1, Q1","GA, GA, GS","Outer Left, Outer Left, Inner Left","SGP Miss, SGP Miss, OPP Goal",,,,
SGPvsSwans_20260710,655.3712310406542,63.00387305800564,SGP CPA,7,Center Mid Attack,GA,,Not Taken,,"Circle Edge, Outside Circle, Circle Edge, Circle Edge","YES, YES, NO, YES",,,,"Q1, Q1, Q1, Q1, Q1, Q1, Q1, Q1, Q1, Q1",GA,Outer Right,SGP Goal,,,,
SGPvsSwans_20260710,752.2711356846528,35.90302693700369,SGP CPA,8,Center Right Attack,GA,Attacking Left Pocket,WA,,"Circle Edge, Outside Circle","NO, YES",,,,"Q1, Q1, Q1, Q1, Q1, Q1, Q1",GA,Inner Right,OPP Goal,,,,
SGPvsSwans_20260710,808.9702291916559,45.90508320899232,SGP CPA,9,Center Left Attack,GA,Attacking Middle,WA,,"Circle Edge, Circle Edge","NO, YES",,,,"Q1, Q1, Q1, Q1, Q1, Q1, Q1",GA,Outer Right,SGP Goal,,,,
SGPvsSwans_20260710,869.4689966416685,18.307471579993944,SGP CPA,10,,Not Taken,,,,Circle Edge,YES,,,,"Q1, Q1, Q1, Q1, Q1",GS,Inner Left,OPP Goal,,,,
SGPvsSwans_20260710,1213.9713914276595,29.303900661001762,SGP CPA,11,Center Mid Attack,WA,Attacking Middle,GS,,"Circle Edge, Circle Edge","YES, YES",,,,"Q2, Q2, Q2, Q2, Q2",GS,Inner Middle,OPP Goal,,,,
SGPvsSwans_20260710,1265.0707546056647,32.70485147899217,SGP CPA,12,Center Mid Attack,GA,,Not Taken,,Circle Edge,YES,,,,"Q2, Q2, Q2, Q2",GA,Inner Right,SGP Goal,,,,
SGPvsSwans_20260710,1322.1715133076552,34.10417076700196,SGP CPA,13,Center Mid Attack,GA,Attacking Right,GS,,Circle Edge,YES,,,,"Q2, Q2, Q2, Q2, Q2",GS,Inner Right,OPP Goal,,,,
SGPvsSwans_20260710,1374.3729272836686,70.79730488398354,SGP CPA,14,Center Left Attack,WA,Center Mid Defense,GD,,"Outside Circle, Circle Edge, Inside Circle, Circle Edge","YES, YES, NO, YES",,,,"Q2, Q2, Q2, Q2, Q2, Q2, Q2, Q2, Q2, Q2, Q2, Q2","GA, GS","Inner Left, Inner Right","SGP Miss, OPP Goal",,,,
SGPvsSwans_20260710,1465.969853528662,65.50531081899567,SGP CPA,15,Center Mid Attack,GA,Attacking Right,GS,,"Circle Edge, Outside Circle","NO, YES",,,,"Q2, Q2, Q2, Q2, Q2, Q2, Q2",GS,Inner Middle,SGP Goal,,,,
SGPvsSwans_20260710,1556.0458129448407,50.625772146824374,SGP CPA,16,Center Left Attack,GA,Center Left Attack,WD,,"Outside Circle, Circle Edge, Circle Edge","YES, YES, YES",,,,"Q2, Q2, Q2, Q2, Q2, Q2, Q2, Q2, Q2","GA, GA, GA","Outer Middle, Inner Left, Inner Left","SGP Miss, OPP Miss, OPP Goal",,,,
SGPvsSwans_20260710,1632.5715624546563,24.503901920990074,SGP CPA,17,Center Right Attack,GA,Center Right Defense,WD,,Circle Edge,YES,,,,"Q2, Q2, Q2, Q2, Q2",GS,Outer Right,SGP Goal,,,,
SGPvsSwans_20260710,1682.9689149816554,32.206402573002606,SGP CPA,18,Center Left Attack,GA,Attacking Left,WA,,"Outside Circle, Circle Edge","YES, YES",,,,"Q2, Q2, Q2, Q2, Q2",GA,Inner Middle,SGP Goal,,,,
SGPvsSwans_20260710,1747.6739110086542,91.0012512160024,SGP CPA,19,Center Mid Attack,GA,,Not Taken,,"Circle Edge, Circle Edge, Inside Circle, Circle Edge, Circle Edge, Circle Edge","YES, YES, NO, YES, NO, YES",,,,"Q2, Q2, Q2, Q2, Q2, Q2, Q2, Q2, Q2, Q2, Q2, Q2, Q2, Q2, Q2, Q2","GA, GA, GS","Outer Right, Inner Left, Inner Left","SGP Miss, OPP Miss, OPP Goal",,,,
SGPvsSwans_20260710,1867.1715500126602,22.903549152989626,SGP CPA,20,Center Right Attack,GA,Attacking Right Pocket,C,,"Circle Edge, Circle Edge","YES, YES",,,,"Q2, Q2, Q2, Q2, Q2",GS,Outer Right,SGP Goal,,,,
SGPvsSwans_20260710,1946.170919360664,15.705903326001135,SGP CPA,21,Center Right Defense,WD,Center Right Attack,WA,,Circle Edge,YES,,,,"Q2, Q2, Q2",GA,Inner Left,SGP Goal,,,,
SGPvsSwans_20260710,1973.3694339116496,19.205977627006632,SGP CPA,22,Center Mid Attack,WD,Center Mid Attack,C,,"Circle Edge, Circle Edge, Inside Circle","YES, YES, YES",,,,"Q2, Q2, Q2, Q2, Q2",GS,Inner Left,SGP Goal,,,,
SGPvsSwans_20260710,2090.570339318664,21.103661263992763,SGP CPA,23,Center Left Attack,GA,Center Left Defense,WD,,Circle Edge,YES,,,,"Q2, Q2, Q2, Q2",GS,Inner Right,SGP Goal,,,,
SGPvsSwans_20260710,2142.1691442376473,19.406918202010274,SGP CPA,24,,Not Taken,,,,Circle Edge,YES,,,,"Q2, Q2, Q2, Q2",GS,Outer Left,OPP Miss,,,,
SGPvsSwans_20260710,2573.7743356106466,25.800598573015122,SGP CPA,25,Center Mid Attack,GA,Center Mid Defense,WD,,Circle Edge,YES,,,,"Q3, Q3, Q3",GS,Inner Right,SGP Goal,,,,
SGPvsSwans_20260710,2639.272441064653,49.502409538004486,SGP CPA,26,,Not Taken,,,,Outside Circle,YES,,,,"Q3, Q3, Q3, Q3, Q3",GS,Inner Left,OPP Goal,,,,
SGPvsSwans_20260710,2743.570961311662,56.90522128700286,SGP CPA,27,Center Right Attack,GA,Center Right Attack,WA,,Circle Edge,YES,,,,"Q3, Q3, Q3, Q3, Q3, Q3","GS, GA","Inner Left, Inner Right","SGP Miss, OPP Goal",,,,
SGPvsSwans_20260710,2816.8735971916544,46.80134630099701,SGP CPA,28,,Not Taken,,,,"Outside Circle, Circle Edge, Circle Edge, Circle Edge, Circle Edge","YES, NO, NO, YES, YES",,,,"Q3, Q3, Q3, Q3, Q3, Q3, Q3, Q3, Q3","GS, GS","Inner Middle, Inner Left","OPP Miss, OPP Goal",,,,
SGPvsSwans_20260710,2879.0709710076676,43.10971029098346,SGP CPA,29,Center Mid Attack,WD,Attacking Left,GS,,"Circle Edge, Circle Edge, Circle Edge, Circle Edge","YES, NO, NO, YES",,,,"Q3, Q3, Q3, Q3, Q3, Q3, Q3, Q3",GS,Inner Middle,OPP Goal,,,,
SGPvsSwans_20260710,2934.170823466667,20.303723051990346,SGP CPA,30,Center Mid Defense,WD,Attacking Left,WA,,"Circle Edge, Circle Edge","YES, YES",,,,"Q3, Q3, Q3, Q3",GS,Inner Right,SGP Goal,,,,
SGPvsSwans_20260710,2986.569383583663,55.20562286299355,SGP CPA,31,Center Left Attack,GA,Attacking Left,WA,,"Outside Circle, Circle Edge, Circle Edge, Outside Circle","YES, YES, NO, YES",,,,"Q3, Q3, Q3, Q3, Q3, Q3, Q3, Q3, Q3, Q3",GS,Inner Left,OPP Goal,,,,
SGPvsSwans_20260710,3111.365497994658,63.709429542008365,SGP CPA,32,Center Right Attack,WA,Attacking Right Pocket,GS,,"Outside Circle, Circle Edge","YES, YES",,,,"Q3, Q3, Q3, Q3, Q3, Q3, Q3","GS, GS","Inner Right, Inner Middle","SGP Miss, OPP Goal",,,,
SGPvsSwans_20260710,3190.1747491626556,17.59843641200314,SGP CPA,33,Center Left Attack,WA,Attacking Left,GS,,"Circle Edge, Circle Edge","YES, YES",,,,"Q3, Q3, Q3, Q3",GA,Inner Middle,SGP Goal,,,,
SGPvsSwans_20260710,3223.670879434659,38.60337426399974,SGP CPA,34,Center Mid Defense,WD,Center Mid Attack,WA,,"Circle Edge, Circle Edge, Circle Edge","NO, YES, YES",,,,"Q3, Q3, Q3, Q3, Q3, Q3, Q3",GS,Inner Right,SGP Goal,,,,
SGPvsSwans_20260710,3280.570917466648,13.904492111008494,SGP CPA,35,Center Right Attack,GA,Center Right Attack,WD,,Circle Edge,YES,,,,"Q3, Q3, Q3",GS,Inner Right,SGP Goal,,,,
SGPvsSwans_20260710,3336.268164680656,44.60697740399473,SGP CPA,36,Center Left Attack,GA,Attacking Right,WA,,"Circle Edge, Circle Edge, Outside Circle, Circle Edge","YES, YES, YES, YES",,,,"Q3, Q3, Q3, Q3, Q3, Q3, Q3, Q3, Q3","GS, GS","Inner Right, Inner Left","SGP Miss, OPP Goal",,,,
SGPvsSwans_20260710,3407.2698658136646,71.60489123799198,SGP CPA,37,Center Right Attack,GA,Center Right Attack,C,,Circle Edge,YES,,,,"Q3, Q3, Q3, Q3, Q3, Q3, Q3, Q3, Q3","GS, GA","Outer Left, Inner Left","SGP Miss, SGP Goal",,,,
SGPvsSwans_20260710,3820.570308338645,24.193733539008463,SGP CPA,38,Center Left Attack,WA,Attacking Left,GA,,Outside Circle,YES,,,,"Q4, Q4, Q4, Q4",GA,Outer Left,SGP Goal,,,,
SGPvsSwans_20260710,3867.8655478616624,90.11012615599475,SGP CPA,39,Center Left Attack,WA,,Not Taken,,"Circle Edge, Circle Edge, Inside Circle","YES, YES, YES",,,,"Q4, Q4, Q4, Q4, Q4, Q4, Q4, Q4, Q4, Q4, Q4, Q4, Q4","GA, GS","Inner Right, Inner Right","SGP Miss, OPP Goal",,,,
SGPvsSwans_20260710,3981.775169527651,168.39665752000565,SGP CPA,40,Center Left Defense,WD,Center Right Defense,WA,,"Outside Circle, Circle Edge, Circle Edge","YES, NO, YES",,,,"Q4, Q4, Q4, Q4, Q4, Q4, Q4, Q4, Q4, Q4, Q4, Q4, Q4, Q4, Q4, Q4",GS,Inner Left,OPP Goal,,,,
SGPvsSwans_20260710,4209.46834059266,58.207318473005216,SGP CPA,41,Center Left Attack,WA,Center Left Attack,WD,,"Circle Edge, Circle Edge","YES, YES",,,,"Q4, Q4, Q4, Q4, Q4, Q4, Q4, Q4, Q4","GA, GS","Inner Right, Inner Left","OPP Miss, OPP Goal",,,,
SGPvsSwans_20260710,4295.367983878663,53.7067473909965,SGP CPA,42,Center Left Attack,WD,Center Left Attack,WA,,"Outside Circle, Circle Edge, Outside Circle, Circle Edge","YES, YES, YES, YES",,,,"Q4, Q4, Q4, Q4, Q4, Q4, Q4, Q4, Q4, Q4, Q4","GA, GS","Inner Right, Inner Right","SGP Miss, OPP Goal",,,,
SGPvsSwans_20260710,4364.370574801651,39.47556866500054,SGP CPA,43,Center Mid Defense,WD,Center Mid Defense,C,,Circle Edge,YES,,,,"Q4, Q4, Q4, Q4, Q4, Q4",GS,Outer Right,SGP Goal,,,,
SGPvsSwans_20260710,4437.869926549652,36.20551344101568,SGP CPA,44,Center Mid Defense,GD,Center Right Defense,C,,Circle Edge,YES,,,,"Q4, Q4, Q4, Q4, Q4",GA,Inner Right,OPP Goal,,,,
SGPvsSwans_20260710,4493.072117180644,27.604531201022837,SGP CPA,45,Center Mid Defense,WD,Center Left Defense,GA,,Circle Edge,YES,,,,"Q4, Q4, Q4",GS,Outer Right,SGP Goal,,,,
SGPvsSwans_20260710,4551.571088670658,59.70171895799285,SGP CPA,46,,Not Taken,,,,"Circle Edge, Circle Edge, Inside Circle","YES, YES, YES",,,,"Q4, Q4, Q4, Q4, Q4, Q4, Q4, Q4, Q4, Q4","GS, GS","Inner Left, Inner Left","SGP Miss, OPP Goal",,,,
SGPvsSwans_20260710,56.47286666666667,7.301809309991043,SGP DCPA,1,,,,,,,,,,,Q1,,,,,,,
SGPvsSwans_20260710,101.17323226464775,18.701446797008003,SGP DCPA,2,,,,,,Circle Edge,YES,,,,"Q1, Q1, Q1, Q1",GA,Outer Middle,SGP Goal,,,,
SGPvsSwans_20260710,190.57296315366148,43.599834030990905,SGP DCPA,3,,,,,,"Circle Edge, Inside Circle","YES, YES",,,,"Q1, Q1, Q1, Q1, Q1, Q1, Q1",GA,Inner Middle,SGP Goal,,,,
SGPvsSwans_20260710,249.40227575865015,7.191796243008355,SGP DCPA,4,,,,,,,,,,,Q1,,,,,,,
SGPvsSwans_20260710,299.77329761465637,11.000735940996549,SGP DCPA,5,,,,,,Circle Edge,NO,,,,"Q1, Q1",,,,,,,
SGPvsSwans_20260710,439.06698162665816,21.00124194599948,SGP DCPA,6,,,,,,"Circle Edge, Circle Edge","YES, YES",,,,"Q1, Q1, Q1, Q1, Q1","GA, GA","Outer Left, Outer Left","SGP Miss, SGP Miss",,,,
SGPvsSwans_20260710,655.3712310406542,22.49756003301229,SGP DCPA,7,,,,,,Circle Edge,YES,,,,"Q1, Q1, Q1, Q1",,,,,,,
SGPvsSwans_20260710,752.2711356846528,8.799742880998451,SGP DCPA,8,,,,,,Circle Edge,NO,,,,"Q1, Q1",,,,,,,
SGPvsSwans_20260710,808.9702291916559,13.999798830003328,SGP DCPA,9,,,,,,,,,,,Q1,,,,,,,
SGPvsSwans_20260710,869.4689966416685,8.381869947000496,SGP DCPA,10,,,,,,,,,,,"Q1, Q1",,,,,,,
SGPvsSwans_20260710,1213.9713914276595,7.697329025995941,SGP DCPA,11,,,,,,,,,,,Q2,,,,,,,
SGPvsSwans_20260710,1265.0707546056647,32.70485147899217,SGP DCPA,12,,,,,,Circle Edge,YES,,,,"Q2, Q2, Q2, Q2",GA,Inner Right,SGP Goal,,,,
SGPvsSwans_20260710,1322.1715133076552,16.70069249199946,SGP DCPA,13,,,,,,,,,,,"Q2, Q2",,,,,,,
SGPvsSwans_20260710,1374.3729272836686,41.797952828997495,SGP DCPA,14,,,,,,"Outside Circle, Circle Edge, Inside Circle","YES, YES, NO",,,,"Q2, Q2, Q2, Q2, Q2, Q2, Q2",GA,Inner Left,SGP Miss,,,,
SGPvsSwans_20260710,1465.969853528662,17.70016805199407,SGP DCPA,15,,,,,,Circle Edge,NO,,,,"Q2, Q2",,,,,,,
SGPvsSwans_20260710,1558.2710066516581,23.099818265994372,SGP DCPA,16,,,,,,"Outside Circle, Circle Edge","YES, YES",,,,"Q2, Q2, Q2, Q2, Q2",GA,Outer Middle,SGP Miss,,,,
SGPvsSwans_20260710,1632.5715624546563,24.503901920990074,SGP DCPA,17,,,,,,Circle Edge,YES,,,,"Q2, Q2, Q2, Q2, Q2",GS,Outer Right,SGP Goal,,,,
SGPvsSwans_20260710,1682.9689149816554,32.206402573002606,SGP DCPA,18,,,,,,"Outside Circle, Circle Edge","YES, YES",,,,"Q2, Q2, Q2, Q2, Q2",GA,Inner Middle,SGP Goal,,,,
SGPvsSwans_20260710,1747.6739110086542,6.39594237199708,SGP DCPA,19,,,,,,,,,,,Q2,,,,,,,
SGPvsSwans_20260710,1867.1715500126602,22.903549152989626,SGP DCPA,20,,,,,,"Circle Edge, Circle Edge","YES, YES",,,,"Q2, Q2, Q2, Q2, Q2",GS,Outer Right,SGP Goal,,,,
SGPvsSwans_20260710,1946.170919360664,15.705903326001135,SGP DCPA,21,,,,,,Circle Edge,YES,,,,"Q2, Q2, Q2",GA,Inner Left,SGP Goal,,,,
SGPvsSwans_20260710,1973.3694339116496,19.205977627006632,SGP DCPA,22,,,,,,"Circle Edge, Circle Edge, Inside Circle","YES, YES, YES",,,,"Q2, Q2, Q2, Q2, Q2",GS,Inner Left,SGP Goal,,,,
SGPvsSwans_20260710,2090.570339318664,21.103661263992763,SGP DCPA,23,,,,,,Circle Edge,YES,,,,"Q2, Q2, Q2, Q2",GS,Inner Right,SGP Goal,,,,
SGPvsSwans_20260710,2142.1691442376473,6.701116825009194,SGP DCPA,24,,,,,,,,,,,Q2,,,,,,,
SGPvsSwans_20260710,2573.7743356106466,25.800598573015122,SGP DCPA,25,,,,,,Circle Edge,YES,,,,"Q3, Q3, Q3",GS,Inner Right,SGP Goal,,,,
SGPvsSwans_20260710,2639.272441064653,33.4984349120009,SGP DCPA,26,,,,,,,,,,,"Q3, Q3",,,,,,,
SGPvsSwans_20260710,2743.570961311662,31.60402736100059,SGP DCPA,27,,,,,,Circle Edge,YES,,,,"Q3, Q3, Q3",GS,Inner Left,SGP Miss,,,,
SGPvsSwans_20260710,2816.8735971916544,7.197187178001059,SGP DCPA,28,,,,,,,,,,,Q3,,,,,,,
SGPvsSwans_20260710,2879.0709710076676,17.099189007993118,SGP DCPA,29,,,,,,"Circle Edge, Circle Edge","YES, NO",,,,"Q3, Q3, Q3",,,,,,,
SGPvsSwans_20260710,2934.170823466667,20.303723051990346,SGP DCPA,30,,,,,,"Circle Edge, Circle Edge","YES, YES",,,,"Q3, Q3, Q3, Q3",GS,Inner Right,SGP Goal,,,,
SGPvsSwans_20260710,2986.569383583663,26.00124399499873,SGP DCPA,31,,,,,,"Outside Circle, Circle Edge, Circle Edge","YES, YES, NO",,,,"Q3, Q3, Q3, Q3",,,,,,,
SGPvsSwans_20260710,3111.365497994658,47.004724865998924,SGP DCPA,32,,,,,,Outside Circle,YES,,,,"Q3, Q3, Q3",GS,Inner Right,SGP Miss,,,,
SGPvsSwans_20260710,3190.1747491626556,17.59843641200314,SGP DCPA,33,,,,,,"Circle Edge, Circle Edge","YES, YES",,,,"Q3, Q3, Q3, Q3",GA,Inner Middle,SGP Goal,,,,
SGPvsSwans_20260710,3223.670879434659,17.199546056992403,SGP DCPA,34,,,,,,Circle Edge,NO,,,,"Q3, Q3",,,,,,,
SGPvsSwans_20260710,3280.570917466648,13.904492111008494,SGP DCPA,35,,,,,,Circle Edge,YES,,,,"Q3, Q3, Q3",GS,Inner Right,SGP Goal,,,,
SGPvsSwans_20260710,3336.268164680656,17.701702389995717,SGP DCPA,36,,,,,,"Circle Edge, Circle Edge","YES, YES",,,,"Q3, Q3, Q3, Q3",GS,Inner Right,SGP Miss,,,,
SGPvsSwans_20260710,3407.2698658136646,71.60489123799198,SGP DCPA,37,,,,,,Circle Edge,YES,,,,"Q3, Q3, Q3, Q3, Q3, Q3, Q3, Q3, Q3","GS, GA","Outer Left, Inner Left","SGP Miss, SGP Goal",,,,
SGPvsSwans_20260710,3820.570308338645,24.193733539008463,SGP DCPA,38,,,,,,Outside Circle,YES,,,,"Q4, Q4, Q4, Q4",GA,Outer Left,SGP Goal,,,,
SGPvsSwans_20260710,3867.8655478616624,10.004749743985485,SGP DCPA,39,,,,,,,,,,,Q4,,,,,,,
SGPvsSwans_20260710,3981.775169527651,11.79426562401295,SGP DCPA,40,,,,,,,,,,,Q4,,,,,,,
SGPvsSwans_20260710,4209.46834059266,17.201068854006735,SGP DCPA,41,,,,,,,,,,,Q4,,,,,,,
SGPvsSwans_20260710,4295.367983878663,26.104252482003176,SGP DCPA,42,,,,,,"Outside Circle, Circle Edge","YES, YES",,,,"Q4, Q4, Q4, Q4, Q4, Q4",GA,Inner Right,SGP Miss,,,,
SGPvsSwans_20260710,4364.370574801651,39.47556866500054,SGP DCPA,43,,,,,,Circle Edge,YES,,,,"Q4, Q4, Q4, Q4, Q4, Q4",GS,Outer Right,SGP Goal,,,,
SGPvsSwans_20260710,4437.869926549652,18.79964689401004,SGP DCPA,44,,,,,,,,,,,Q4,,,,,,,
SGPvsSwans_20260710,4493.072117180644,27.604531201022837,SGP DCPA,45,,,,,,Circle Edge,YES,,,,"Q4, Q4, Q4",GS,Outer Right,SGP Goal,,,,
SGPvsSwans_20260710,4551.571088670658,34.29845588200806,SGP DCPA,46,,,,,,Circle Edge,YES,,,,"Q4, Q4, Q4, Q4, Q4",GS,Inner Left,SGP Miss,,,,
SGPvsSwans_20260710,110.17044293766128,5.113056814004693,SGP Feed,1,,,,,,Circle Edge,YES,,,Rachel Ling,Q1,,,,,,,
SGPvsSwans_20260710,214.17019362565935,5.314881717997707,SGP Feed,2,,,,,,Circle Edge,YES,,,Toh Kai Wei,Q1,,,,,,,
SGPvsSwans_20260710,218.17035793965766,5.197477319000711,SGP Feed,3,,,,,,Inside Circle,YES,,,Goh Wei Ping,Q1,,,,,,,
SGPvsSwans_20260710,304.67180466666156,5.200285949996385,SGP Feed,4,,,,,,Circle Edge,NO,,,Toh Kai Wei,Q1,,,,,,,
SGPvsSwans_20260710,417.6713906646584,5.300757812998995,SGP Feed,5,,,,,,Circle Edge,YES,,,Rachel Ling,Q1,,,,,,,
SGPvsSwans_20260710,421.06866608465947,5.324333410995905,SGP Feed,6,,,,,,Circle Edge,YES,,,Anna Macinnes,Q1,,,,,,,
SGPvsSwans_20260710,442.1685889516664,5.299016961990958,SGP Feed,7,,,,,,Circle Edge,YES,,,Anna Macinnes,Q1,,,,,,,
SGPvsSwans_20260710,449.0008560186544,5.169620203007412,SGP Feed,8,,,,,,Circle Edge,YES,,,Anna Macinnes,Q1,,,,,,,
SGPvsSwans_20260710,552.7688458046456,5.192404850005232,SGP Feed,9,,,,,,Circle Edge,YES,,,Rachel Ling,Q1,,,,,,,
SGPvsSwans_20260710,559.4679769556549,5.306682213013346,SGP Feed,10,,,,,,Circle Edge,NO,,,Anna Macinnes,Q1,,,,,,,
SGPvsSwans_20260710,581.2665547196594,5.201205636004488,SGP Feed,11,,,,,,Circle Edge,YES,,,Rachel Ling,Q1,,,,,,,
SGPvsSwans_20260710,584.8700690936637,5.30537657098705,SGP Feed,12,,,,,,Inside Circle,YES,,,Toh Kai Wei,Q1,,,,,,,
SGPvsSwans_20260710,641.9673884266458,5.11272406000603,SGP Feed,13,,,,,,Circle Edge,YES,,,Anna Maccines,Q1,,,,,,,
SGPvsSwans_20260710,643.1706074896638,5.185128657996302,SGP Feed,14,,,,,,Inside Circle,YES,,,Toh Kai Wei,Q1,,,,,,,
SGPvsSwans_20260710,666.369609931652,5.304266771004677,SGP Feed,15,,,,,,Circle Edge,YES,,,Rachel Ling,Q1,,,,,,,
SGPvsSwans_20260710,707.3683270756588,5.195538815005307,SGP Feed,16,,,,,,Circle Edge,YES,,,Rachel Ling,Q1,,,,,,,
SGPvsSwans_20260710,755.37021162666,5.201158352007496,SGP Feed,17,,,,,,Circle Edge,NO,,,Anna Macinnes,Q1,,,,,,,
SGPvsSwans_20260710,844.4668573006534,5.178901111004848,SGP Feed,18,,,,,,Circle Edge,YES,,,Rachel Ling,Q1,,,,,,,
SGPvsSwans_20260710,955.3682788316637,5.201692143995842,SGP Feed,19,,,,,,Circle Edge,YES,,,Anna Macinnes,Q1,,,,,,,
SGPvsSwans_20260710,1281.1690544346477,5.302766022002743,SGP Feed,20,,,,,,Circle Edge,YES,,,Toh Kai Wei,Q2,,,,,,,
SGPvsSwans_20260710,1389.8696676396687,5.135772700975394,SGP Feed,21,,,,,,Outside Circle,YES,,,Toh Kai Wei,Q2,,,,,,,
SGPvsSwans_20260710,1401.0674676206622,5.204090040991559,SGP Feed,22,,,,,,Circle Edge,YES,,,Rachel Ling,Q2,,,,,,,
SGPvsSwans_20260710,1409.1707094956603,5.30042901499678,SGP Feed,23,,,,,,Inside Circle,NO,,,Toh Kai Wei,Q2,,,,,,,
SGPvsSwans_20260710,1476.4698805816613,5.317620609991309,SGP Feed,24,,,,,,Circle Edge,NO,,,Rachel Ling,Q2,,,,,,,
SGPvsSwans_20260710,1520.2699468496658,5.191371354994317,SGP Feed,25,,,,,,Outside Circle,YES,,,Goh Wei Ping,Q2,,,,,,,
SGPvsSwans_20260710,1565.3698114246624,5.2002965959943594,SGP Feed,26,,,,,,Outside Circle,YES,,,Anna Macinnes,Q2,,,,,,,
SGPvsSwans_20260710,1571.2605153136662,5.212321852992773,SGP Feed,27,,,,,,Circle Edge,YES,,,Anna Macinnes,Q2,,,,,,,
SGPvsSwans_20260710,1644.4700739436498,5.201145888008568,SGP Feed,28,,,,,,Circle Edge,YES,,,Tan Yi Jie,Q2,,,,,,,
SGPvsSwans_20260710,1686.5690306636518,5.1262923610015605,SGP Feed,29,,,,,,Circle Edge,YES,,,Goh Wei Ping,Q2,,,,,,,
SGPvsSwans_20260710,1704.7695401896594,5.309900626999024,SGP Feed,30,,,,,,Circle Edge,YES,,,Tan Yi Jie,Q2,,,,,,,
SGPvsSwans_20260710,1792.3701465796546,5.200671619994864,SGP Feed,31,,,,,,Circle Edge,YES,,,Anna Macinnes,Q2,,,,,,,
SGPvsSwans_20260710,1810.9697978976585,5.300915850994443,SGP Feed,32,,,,,,Circle Edge,NO,,,Toh Kai Wei,Q2,,,,,,,
SGPvsSwans_20260710,1872.2732952866656,5.29432052099537,SGP Feed,33,,,,,,Circle Edge,YES,,,Tan Yi Jie,Q2,,,,,,,
SGPvsSwans_20260710,1880.768586721664,5.1981290929929855,SGP Feed,34,,,,,,Circle Edge,YES,,,Anna Macinnes,Q2,,,,,,,
SGPvsSwans_20260710,1950.868600419658,5.212871062008162,SGP Feed,35,,,,,,Outside Circle,YES,,,Tan Yi Jie,Q2,,,,,,,
SGPvsSwans_20260710,1977.6740206186623,5.195927419994632,SGP Feed,36,,,,,,Circle Edge,YES,,,Tan Yi Jie,Q2,,,,,,,
SGPvsSwans_20260710,1981.070592478654,5.209834204993967,SGP Feed,37,,,,,,Circle Edge,YES,,,Anna Macinnes,Q2,,,,,,,
SGPvsSwans_20260710,1983.6670812486668,5.131061423988285,SGP Feed,38,,,,,,Inside Circle,YES,,,Goh Wei Ping,Q2,,,,,,,
SGPvsSwans_20260710,2102.570191568669,5.201517807992786,SGP Feed,39,,,,,,Circle Edge,YES,,,Tan Yi Jie,Q2,,,,,,,
SGPvsSwans_20260710,2583.9534222222223,5.0,SGP Feed,40,,,,,,Outside Circle,YES,,,Tan Yi Jie,Q3,,,,,,,
SGPvsSwans_20260710,2589.0712657376566,5.1870870480065605,SGP Feed,41,,,,,,Inside Circle,YES,,,Goh Wei Ping,Q3,,,,,,,
SGPvsSwans_20260710,2756.127177777778,5.0,SGP Feed,42,,,,,,Circle Edge,YES,,,Anna Macinnes,Q3,,,,,,,
SGPvsSwans_20260710,2761.472526415658,5.191921164013365,SGP Feed,43,,,,,,Circle Edge,YES,,,Anna Macinnes,Q3,,,,,,,
SGPvsSwans_20260710,2887.369708052662,5.187249631000668,SGP Feed,44,,,,,,Circle Edge,YES,,,Anna Macinnes,Q3,,,,,,,
SGPvsSwans_20260710,2889.9707684246537,5.3003843720039185,SGP Feed,45,,,,,,Circle Edge,NO,,,Anna Macinnes,Q3,,,,,,,
SGPvsSwans_20260710,2941.16985669966,5.305580222988283,SGP Feed,46,,,,,,Circle Edge,YES,,,Tan Yi Jie,Q3,,,,,,,
SGPvsSwans_20260710,2943.869594139649,5.300131634009631,SGP Feed,47,,,,,,Circle Edge,YES,,,Tan Yi Jie,Q3,,,,,,,
SGPvsSwans_20260710,2988.665593368656,5.093428042989672,SGP Feed,48,,,,,,Outside Circle,YES,,,Anna Macinnes,Q3,,,,,,,
SGPvsSwans_20260710,2990.8700746506543,5.1999589930051116,SGP Feed,49,,,,,,Inside Circle,YES,,,Charlotte Lee,Q3,,,,,,,
SGPvsSwans_20260710,3005.0696830706606,5.1979222019945155,SGP Feed,50,,,,,,Circle Edge,NO,,,Tan Yi Jie,Q3,,,,,,,
SGPvsSwans_20260710,3115.511233333333,5.0,SGP Feed,51,,,,,,Circle Edge,YES,,,Tan Yi Jie,Q3,,,,,,,
SGPvsSwans_20260710,3147.5699303386546,5.201011637006104,SGP Feed,52,,,,,,Outside Circle,YES,,,Tan Yi Jie,Q3,,,,,,,
SGPvsSwans_20260710,3194.3696178846612,5.19333518500207,SGP Feed,53,,,,,,Circle Edge,YES,,,Anna Macinnes,Q3,,,,,,,
SGPvsSwans_20260710,3196.9710783916494,5.304869425005563,SGP Feed,54,,,,,,Circle Edge,YES,,,Tan Yi Jie,Q3,,,,,,,
SGPvsSwans_20260710,3233.671038990657,6.299234020000313,SGP Feed,55,,,,,,Circle Edge,NO,,,Tan Yi Jie,Q3,,,,,,,
SGPvsSwans_20260710,3245.969988769649,5.20124764799948,SGP Feed,56,,,,,,Circle Edge,YES,,,Anna Macinnes,Q3,,,,,,,
SGPvsSwans_20260710,3252.770249897658,5.204585529991618,SGP Feed,57,,,,,,Circle Edge,YES,,,Tan Yi Jie,Q3,,,,,,,
SGPvsSwans_20260710,3283.2677242056593,5.189399018004224,SGP Feed,58,,,,,,Circle Edge,YES,,,Tan Yi Jie,Q3,,,,,,,
SGPvsSwans_20260710,3315.2699470776593,5.19216362999714,SGP Feed,59,,,,,,Circle Edge,YES,,,Anna Macinnes,Q3,,,,,,,
SGPvsSwans_20260710,3338.53202773865,5.149862372001735,SGP Feed,60,,,,,,Circle Edge,YES,,,Anna Macinnes,Q3,,,,,,,
SGPvsSwans_20260710,3340.7682181256446,5.305222470012268,SGP Feed,61,,,,,,Circle Edge,YES,,,Anna Macinnes,Q3,,,,,,,
SGPvsSwans_20260710,3447.173687646663,5.194679169996107,SGP Feed,62,,,,,,Circle Edge,YES,,,Anna Macinnes,Q3,,,,,,,
SGPvsSwans_20260710,3786.370142722657,5.3002017120034,SGP Feed,63,,,,,,Inside Circle,NO,,,Charlotte Lee,Q4,,,,,,,
SGPvsSwans_20260710,3794.971002025661,5.204048666002109,SGP Feed,64,,,,,,Circle Edge,NO,,,Tan Yi Jie,Q4,,,,,,,
SGPvsSwans_20260710,3830.4716211636546,5.202173354002753,SGP Feed,65,,,,,,Outside Circle,YES,,,Tan Yi Jie,Q4,,,,,,,
SGPvsSwans_20260710,3925.7704652276598,5.199089642991112,SGP Feed,66,,,,,,Circle Edge,YES,,,Tan Yi Jie,Q4,,,,,,,
SGPvsSwans_20260710,4044.369755333656,5.193440327004737,SGP Feed,67,,,,,,Outside Circle,YES,,,Tan Yi Jie,Q4,,,,,,,
SGPvsSwans_20260710,4058.670204187661,5.309860788990136,SGP Feed,68,,,,,,Circle Edge,NO,,,Goh Wei Ping,Q4,,,,,,,
SGPvsSwans_20260710,4179.670626514659,5.211542388989983,SGP Feed,69,,,,,,Outside Circle,YES,,,Charlotte Lee,Q4,,,,,,,
SGPvsSwans_20260710,4185.884217101775,5.818524456894011,SGP Feed,70,,,,,,Circle Edge,NO,,,Goh Wei Ping,Q4,,,,,,,
SGPvsSwans_20260710,4197.969752173658,5.301228483989689,SGP Feed,71,,,,,,Circle Edge,YES,,,Rachel Ling,Q4,,,,,,,
SGPvsSwans_20260710,4305.671131938663,5.20262184899002,SGP Feed,72,,,,,,Outside Circle,YES,,,Rachel Ling,Q4,,,,,,,
SGPvsSwans_20260710,4308.2642994236485,5.205571497004712,SGP Feed,73,,,,,,Circle Edge,YES,,,Rachel Ling,Q4,,,,,,,
SGPvsSwans_20260710,4391.972366509653,5.198863206996066,SGP Feed,74,,,,,,Circle Edge,YES,,,Goh Wei Ping,Q4,,,,,,,
SGPvsSwans_20260710,4510.2702280816575,5.201375329999792,SGP Feed,75,,,,,,Circle Edge,YES,,,Goh Wei Ping,Q4,,,,,,,
SGPvsSwans_20260710,4568.570214506653,5.134019128008731,SGP Feed,76,,,,,,Circle Edge,YES,,,Rachel Ling,Q4,,,,,,,
SGPvsSwans_20260710,108.87507720165802,10.999601859997739,SGP Shot,1,,,,,,,,,,Toh Kai Wei,Q1,GA,Outer Middle,SGP Goal,,,,
SGPvsSwans_20260710,222.9628686406586,11.209928543993783,SGP Shot,2,,,,,,,,,,Toh Kai Wei,Q1,GA,Inner Middle,SGP Goal,,,,
SGPvsSwans_20260710,420.5740556436602,11.100760590991342,SGP Shot,3,,,,,,,,,,Toh Kai Wei,Q1,GA,Inner Right,SGP Goal,,,,
SGPvsSwans_20260710,442.6758581586544,10.999454207999008,SGP Shot,4,,,,,,,,,,Toh Kai Wei,Q1,GA,Outer Left,SGP Miss,,,,
SGPvsSwans_20260710,448.17500640166054,10.699167492992729,SGP Shot,5,,,,,,,,,,Toh Kai Wei,Q1,GA,Outer Left,SGP Miss,,,,
SGPvsSwans_20260710,642.6882113006542,11.099232703003509,SGP Shot,6,,,,,,,,,,Goh Wei Ping,Q1,GS,Inner Right,SGP Goal,,,,
SGPvsSwans_20260710,707.3752307896609,10.999873308998872,SGP Shot,7,,,,,,,,,,Toh Kai Wei,Q1,GA,Outer Right,SGP Goal,,,,
SGPvsSwans_20260710,843.8745562246553,11.000756175992933,SGP Shot,8,,,,,,,,,,Toh Kai Wei,Q1,GA,Outer Right,SGP Goal,,,,
SGPvsSwans_20260710,963.5756473566597,10.99775488898888,SGP Shot,9,,,,,,,,,,Goh Wei Ping,Q1,GS,Inner Right,SGP Miss,,,,
SGPvsSwans_20260710,1286.7753803676587,11.000225716998102,SGP Shot,10,,,,,,,,,,Toh Kai Wei,Q2,GS,Inner Right,SGP Goal,,,,
SGPvsSwans_20260710,1393.2743205326535,11.102748484003314,SGP Shot,11,,,,,,,,,,Toh Kai Wei,Q2,GS,Inner Left,SGP Miss,,,,
SGPvsSwans_20260710,1520.2750594276579,11.20010491999983,SGP Shot,12,,,,,,,,,,Toh Kai Wei,Q2,GS,Inner Middle,SGP Goal,,,,
SGPvsSwans_20260710,1569.574995657653,10.900071818004335,SGP Shot,13,,,,,,,,,,Toh Kai Wei,Q2,GS,Outer Middle,SGP Miss,,,,
SGPvsSwans_20260710,1645.7752586206589,11.300205754987473,SGP Shot,14,,,,,,,,,,Toh Kai Wei,Q2,GS,Outer Right,SGP Goal,,,,
SGPvsSwans_20260710,1703.5753277076485,11.59998984700951,SGP Shot,15,,,,,,,,,,Goh Wei Ping,Q2,GA,Inner Middle,SGP Goal,,,,
SGPvsSwans_20260710,1793.4708934746643,11.004343770992136,SGP Shot,16,,,,,,,,,,Toh Kai Wei,Q2,GS,Outer Right,SGP Miss,,,,
SGPvsSwans_20260710,1878.7755062736564,11.29959289199337,SGP Shot,17,,,,,,,,,,Toh Kai Wei,Q2,GS,Outer Right,SGP Goal,,,,
SGPvsSwans_20260710,1950.7739500836535,11.10287260301152,SGP Shot,18,,,,,,,,,,Goh Wei Ping,Q2,GA,Inner Left,SGP Goal,,,,
SGPvsSwans_20260710,1981.6751464686554,10.900265070000842,SGP Shot,19,,,,,,,,,,Toh Kai Wei,Q2,GS,Inner Left,SGP Goal,,,,
SGPvsSwans_20260710,2100.575395751659,11.098604830997829,SGP Shot,20,,,,,,,,,,Toh Kai Wei,Q2,GS,Inner Right,SGP Goal,,,,
SGPvsSwans_20260710,2588.5731430246606,11.001791159001186,SGP Shot,21,,,,,,,,,,Charlotte Lee,Q3,GS,Inner Right,SGP Goal,,,,
SGPvsSwans_20260710,2761.9729206616594,11.101627326992002,SGP Shot,22,,,,,,,,,,Charlotte Lee,Q3,GS,Inner Left,SGP Miss,,,,
SGPvsSwans_20260710,2943.3742162436565,11.100330275000942,SGP Shot,23,,,,,,,,,,Charlotte Lee,Q3,GS,Inner Right,SGP Goal,,,,
SGPvsSwans_20260710,3146.6724471466687,10.90238122099663,SGP Shot,24,,,,,,,,,,Charlotte Lee,Q3,GS,Inner Right,SGP Miss,,,,
SGPvsSwans_20260710,3196.8753524366507,10.897833138008082,SGP Shot,25,,,,,,,,,,Goh Wei Ping,Q3,GA,Inner Middle,SGP Goal,,,,
SGPvsSwans_20260710,3251.174527133657,11.099726565001674,SGP Shot,26,,,,,,,,,,Charlotte Lee,Q3,GS,Inner Right,SGP Goal,,,,
SGPvsSwans_20260710,3283.475388942669,11.000020634987777,SGP Shot,27,,,,,,,,,,Charlotte Lee,Q3,GS,Inner Right,SGP Goal,,,,
SGPvsSwans_20260710,3321.374693312651,11.000138315004278,SGP Shot,28,,,,,,,,,,Goh Wei Ping,Q3,GA,Inner Left,SGP Goal,,,,
SGPvsSwans_20260710,3339.974366743666,11.200440288995651,SGP Shot,29,,,,,,,,,,Charlotte Lee,Q3,GS,Inner Right,SGP Miss,,,,
SGPvsSwans_20260710,3447.675504226652,11.299145887001032,SGP Shot,30,,,,,,,,,,Charlotte Lee,Q3,GS,Outer Left,SGP Miss,,,,
SGPvsSwans_20260710,3464.196233333333,10.0,SGP Shot,31,,,,,,,,,,,Q3,GA,Inner Left,SGP Goal,,,,
SGPvsSwans_20260710,3833.0696188646484,11.694423013005235,SGP Shot,32,,,,,,,,,,Sara Lightfoot,Q4,GA,Inner Left,SGP Goal,,,,
SGPvsSwans_20260710,3924.9742079476696,11.200690751988077,SGP Shot,33,,,,,,,,,,Sara Lightfoot,Q4,GA,Inner Right,SGP Miss,,,,
SGPvsSwans_20260710,4197.375753056655,11.699623361992963,SGP Shot,34,,,,,,,,,,Sara Lightfoot,Q4,GA,Inner Left,SGP Goal,,,,
SGPvsSwans_20260710,4307.77443908366,11.001547852008116,SGP Shot,35,,,,,,,,,,Sara Lightfoot,Q4,GA,Inner Right,SGP Miss,,,,
SGPvsSwans_20260710,4392.560272199657,11.285871266994036,SGP Shot,36,,,,,,,,,,Charlotte Lee,Q4,GS,Outer Right,SGP Goal,,,,
SGPvsSwans_20260710,4509.575425084649,11.101223297017896,SGP Shot,37,,,,,,,,,,Charlotte Lee,Q4,GS,Outer Right,SGP Goal,,,,
SGPvsSwans_20260710,4573.5762383996525,11.598902270005055,SGP Shot,38,,,,,,,,,,Charlotte Lee,Q4,GS,Inner Left,SGP Miss,,,,
SGPvsSwans_20260710,67.17024074965668,10.0,SGP PEN,1,,,,,,,,,Contact,Faithmaria Lawrence,Q1,,,,,,,
SGPvsSwans_20260710,245.43776666666668,10.0,SGP PEN,2,,,,,,,,,Contact,Anna Macinnes,Q1,,,,,,,
SGPvsSwans_20260710,261.1693090456671,10.0,SGP PEN,3,,,,,,,,,Contact,Rachel Ling,Q1,,,,,,,
SGPvsSwans_20260710,311.56979539766616,10.0,SGP PEN,4,,,,,,,,,Obstruction,Goh Wei Ping,Q1,,,,,,,
SGPvsSwans_20260710,458.1873270296541,10.0,SGP PEN,5,,,,,,,,,Contact,Faithmaria Lawrence,Q1,,,,,,,
SGPvsSwans_20260710,667.5465777777778,10.0,SGP PEN,6,,,,,,,,,Contact,Toh Kai Wei,Q1,,,,,,,
SGPvsSwans_20260710,757.6673629076586,10.0,SGP PEN,7,,,,,,,,,Obstruction,Goh Wei Ping,Q1,,,,,,,
SGPvsSwans_20260710,767.4650070406627,10.0,SGP PEN,8,,,,,,,,,Contact,Jamie Lim,Q1,,,,,,,
SGPvsSwans_20260710,869.0720716406566,10.0,SGP PEN,9,,,,,,,,,Contact,Faithmaria Lawrence,"Q1, Q1",,,,,,,
SGPvsSwans_20260710,1310.8155444444444,10.0,SGP PEN,10,,,,,,,,,Obstruction,Reena Divya,Q2,,,,,,,
SGPvsSwans_20260710,1421.1703178486541,10.0,SGP PEN,11,,,,,,,,,Contact,Goh Wei Ping,Q2,,,,,,,
SGPvsSwans_20260710,1434.5723380876566,10.0,SGP PEN,12,,,,,,,,,Obstruction,Reena Divya,"Q2, Q2",,Inner Right,,,,,
SGPvsSwans_20260710,1449.7674411696526,10.0,SGP PEN,13,,,,,,,,,Obstruction,Jamie Lim,Q2,,,,,,,
SGPvsSwans_20260710,1479.8699276256589,10.0,SGP PEN,14,,,,,,,,,Contact,Rachel Ling,Q2,,,,,,,
SGPvsSwans_20260710,1546.3729525676583,10.0,SGP PEN,15,,,,,,,,,Obstruction,Reena Divya,"Q2, Q2",,Inner Left,,,,,
SGPvsSwans_20260710,1723.2562,10.0,SGP PEN,16,,,,,,,,,Contact,Reena Divya,Q2,,,,,,,
SGPvsSwans_20260710,1732.2001333333333,10.0,SGP PEN,17,,,,,,,,,Obstruction,Jamie Lim,Q2,,,,,,,
SGPvsSwans_20260710,1764.4692355626528,10.0,SGP PEN,18,,,,,,,,,Contact,Tan Yi Jie,Q2,,,,,,,
SGPvsSwans_20260710,1815.2269373966622,10.0,SGP PEN,19,,,,,,,,,Contact,Faithmaria Lawrence,Q2,,,,,,,
SGPvsSwans_20260710,1842.46826462965,10.0,SGP PEN,20,,,,,,,,,Contact,Goh Wei Ping,Q2,,,,,,,
SGPvsSwans_20260710,1910.0697400746687,10.0,SGP PEN,21,,,,,,,,,Contact,Faithmaria Lawrence,Q2,,,,,,,
SGPvsSwans_20260710,2057.0867222222223,10.0,SGP PEN,22,,,,,,,,,Obstruction,Jamie Lim,Q2,,,,,,,
SGPvsSwans_20260710,2114.7426777777778,10.0,SGP PEN,23,,,,,,,,,Contact,Faithmaria Lawrence,Q2,,,,,,,
SGPvsSwans_20260710,2126.5687715336494,10.0,SGP PEN,24,,,,,,,,,Contact,Reena Divya,Q2,,,,,,,
SGPvsSwans_20260710,2563.545311531652,10.0,SGP PEN,25,,,,,,,,,Obstruction,Mishalenee K,"Q3, Q3",,Inner Left,,,,,
SGPvsSwans_20260710,2776.070105854665,10.0,SGP PEN,26,,,,,,,,,Contact,Rachel Ling,Q3,,,,,,,
SGPvsSwans_20260710,2912.871096758656,10.0,SGP PEN,27,,,,,,,,,Obstruction,Reena Divya,"Q3, Q3",GS,Inner Middle,OPP Goal,,,,
SGPvsSwans_20260710,2970.068515227655,10.0,SGP PEN,28,,,,,,Circle Edge,YES,,Contact,Mishalenee K,"Q3, Q3",,,,,,,
SGPvsSwans_20260710,3006.37125841866,10.0,SGP PEN,29,,,,,,,,,Contact,Anna Macinnes,Q3,,,,,,,
SGPvsSwans_20260710,3076.0822222222223,10.0,SGP PEN,30,,,,,,,,,Contact,Rachel Ling,Q3,,,,,,,
SGPvsSwans_20260710,3154.5728862436554,10.0,SGP PEN,31,,,,,,,,,Contact,Goh Wei Ping,Q3,,,,,,,
SGPvsSwans_20260710,3362.9682276656577,10.0,SGP PEN,32,,,,,,,,,Contact,Rachel Ling,Q3,,,,,,,
SGPvsSwans_20260710,3380.5697833286617,10.0,SGP PEN,33,,,,,,,,,Contact,Mishalenee K,Q3,,,,,,,
SGPvsSwans_20260710,3852.468911069647,10.0,SGP PEN,34,,,,,,,,,Contact,Mishalenee K,Q4,,,,,,,
SGPvsSwans_20260710,3857.3707763166585,10.0,SGP PEN,35,,,,,,,,,Obstruction,Sindhu Nair,"Q4, Q4",GA,Inner Right,OPP Goal,,,,
SGPvsSwans_20260710,3938.66990346467,10.0,SGP PEN,36,,,,,,,,,Contact,Faithmaria Lawrence,Q4,,,,,,,
SGPvsSwans_20260710,3965.1667544986594,10.0,SGP PEN,37,,,,,,,,,Contact,Sindhu Nair,Q4,,,,,,,
SGPvsSwans_20260710,4229.374117654657,10.0,SGP PEN,38,,,,,,,,,Contact,Faithmaria Lawrence,Q4,,,,,,,
SGPvsSwans_20260710,4247.769472189647,10.0,SGP PEN,39,,,,,,Circle Edge,YES,,Contact,Faithmaria Lawrence,"Q4, Q4",,,,,,,
SGPvsSwans_20260710,4250.7010451116475,10.0,SGP PEN,40,,,,,,,,,Contact,Sindhu Nair,Q4,,,,,,,
SGPvsSwans_20260710,4255.019255555556,10.0,SGP PEN,41,,,,,,,,,Obstruction,Mishalenee K,Q4,,,,,,,
SGPvsSwans_20260710,4272.4701549116535,10.0,SGP PEN,42,,,,,,,,,Contact,Mishalenee K,Q4,,,,,,,
SGPvsSwans_20260710,4316.073117361657,10.0,SGP PEN,43,,,,,,,,,Contact,Charlotte Lee,Q4,,,,,,,
SGPvsSwans_20260710,4354.370503171657,10.0,SGP PEN,44,,,,,,,,,Obstruction,Mishalenee K,"Q4, Q4",GS,Inner Left,OPP Goal,,,,
SGPvsSwans_20260710,4412.670707837658,10.0,SGP PEN,45,,,,,,,,,Contact,Sindhu Nair,Q4,,,,,,,
SGPvsSwans_20260710,4427.568718054647,10.0,SGP PEN,46,,,,,,,,,Obstruction,Mishalenee K,"Q4, Q4",,Inner Middle,,,,,
SGPvsSwans_20260710,4460.774698733658,10.0,SGP PEN,47,,,,,,Circle Edge,YES,,Contact,Rachel Ling,"Q4, Q4",,,,,,,
SGPvsSwans_20260710,4535.270343998661,10.0,SGP PEN,48,,,,,,Inside Circle,YES,,Contact,Mishalenee K,"Q4, Q4",,,,,,,
SGPvsSwans_20260710,4581.569554376653,10.0,SGP PEN,49,,,,,,,,,Contact,Rachel Ling,Q4,,,,,,,
SGPvsSwans_20260710,4630.171811236651,10.0,SGP PEN,50,,,,,,,,,Contact,Mishalenee K,Q4,,,,,,,
SGPvsSwans_20260710,127.31457777777777,8.0,SGP Deflection,1,,,,,No,,,,,Sindhu Nair,Q1,,,,,,,
SGPvsSwans_20260710,353.7774777777778,8.0,SGP Deflection,2,,,,,No,,,,,Faithmaria Lawrence,Q1,,,,,,,
SGPvsSwans_20260710,489.2799444444444,8.0,SGP Deflection,3,,,,,No,,,,,Rachel Ling,Q1,,,,,,,
SGPvsSwans_20260710,504.2124111111111,8.0,SGP Deflection,4,,,,,No,,,,,Sindhu Nair,Q1,,,,,,,
SGPvsSwans_20260710,774.6727,8.0,SGP Deflection,5,,,,,No,,,,,Faithmaria Lawrence,Q1,,,,,,,
SGPvsSwans_20260710,902.2649777777777,8.0,SGP Deflection,6,,,,,No,,,,,Sindhu Nair,Q1,,,,,,,
SGPvsSwans_20260710,1243.320511111111,8.0,SGP Deflection,7,,,,,No,,,,,Faithmaria Lawrence,Q2,,,,,,,
SGPvsSwans_20260710,1432.2585666666666,8.0,SGP Deflection,8,,,,,No,,,,,Reena Divya,Q2,,,,,,,
SGPvsSwans_20260710,1890.671116348,8.0,SGP Deflection,9,,,,,Yes,,,,,Reena Divya,Q2,,,,,,,
SGPvsSwans_20260710,2614.594888888889,8.0,SGP Deflection,10,,,,,Yes,,,,,Reena Divya,Q3,,,,,,,
SGPvsSwans_20260710,2825.156522222222,8.0,SGP Deflection,11,,,,,No,,,,,Mishalenee K,Q3,,,,,,,
SGPvsSwans_20260710,2900.876922222222,8.0,SGP Deflection,12,,,,,No,,,,,Reena Divya,Q3,,,,,,,
SGPvsSwans_20260710,4240.166922222223,8.0,SGP Deflection,13,,,,,No,,,,,Sindhu Nair,Q4,,,,,,,
SGPvsSwans_20260710,4322.539922222222,8.0,SGP Deflection,14,,,,,No,,,,,Faithmaria Lawrence,Q4,,,,,,,
SGPvsSwans_20260710,4525.387733333333,8.0,SGP Deflection,15,,,,,No,,,,,Rachel Ling,Q4,,,,,,,
SGPvsSwans_20260710,4621.7293666666665,8.0,SGP Deflection,16,,,,,No,,,,,Faithmaria Lawrence,Q4,,,,,,,
SGPvsSwans_20260710,86.56788929265974,13.705071110006287,SGP CPD,1,Center Left Attack,WA,Attacking Middle,C,,Circle Edge,YES,,,,"Q1, Q1, Q1",GS,Inner Middle,OPP Goal,,,,
SGPvsSwans_20260710,121.77085557866104,67.50398854299596,SGP CPD,2,Center Right Attack,GA,Attacking Middle,WA,,"Outside Circle, Circle Edge, Circle Edge, Inside Circle","NO, NO, YES, YES",,,,"Q1, Q1, Q1, Q1, Q1, Q1, Q1, Q1",GS,Inner Left,OPP Goal,,,,
SGPvsSwans_20260710,234.5705534526573,11.804756679991783,SGP CPD,3,Center Mid Attack,WA,Attacking Middle,GS,,Circle Edge,YES,,,,"Q1, Q1, Q1",GA,Inner Left,OPP Goal,,,,
SGPvsSwans_20260710,287.5687609806509,11.505360302000042,SGP CPD,4,Center Left Attack,GA,Attacking Left,WA,,Circle Edge,YES,,,,"Q1, Q1, Q1",GS,Inner Left,OPP Goal,,,,
SGPvsSwans_20260710,375.3693020656538,56.30551416899772,SGP CPD,5,Center Mid Defense,WD,Center Left Attack,WA,,"Circle Edge, Circle Edge, Circle Edge, Circle Edge","NO, NO, YES, YES",,,,"Q1, Q1, Q1, Q1, Q1, Q1, Q1, Q1, Q1",GA,Inner Right,SGP Goal,,,,
SGPvsSwans_20260710,490.6706376676611,163.1168063359966,SGP CPD,6,Center Mid Attack,GA,,Not Taken,,"Outside Circle, Circle Edge, Circle Edge, Circle Edge, Circle Edge, Inside Circle, Outside Circle, Circle Edge, Circle Edge, Circle Edge, Inside Circle","NO, YES, YES, NO, YES, YES, YES, YES, NO, YES, YES",,,,"Q1, Q1, Q1, Q1, Q1, Q1, Q1, Q1, Q1, Q1, Q1, Q1, Q1, Q1, Q1, Q1, Q1, Q1, Q1, Q1, Q1, Q1, Q1, Q1","GS, GS","Inner Left, Inner Right","OPP Miss, SGP Goal",,,,
SGPvsSwans_20260710,720.1678447756609,29.607463544999177,SGP CPD,7,Center Left Attack,WA,Center Right Attack,WD,,Circle Edge,YES,,,,"Q1, Q1, Q1",GS,Inner Left,OPP Goal,,,,
SGPvsSwans_20260710,789.1709214876576,20.003937936989473,SGP CPD,8,Center Mid Defense,WD,Center Right Attack,WA,,Outside Circle,YES,,,,"Q1, Q1, Q1",GS,Inner Middle,OPP Goal,,,,
SGPvsSwans_20260710,856.6704530886652,11.905306387992027,SGP CPD,9,Center Mid Attack,WA,Attacking Middle,GA,,Outside Circle,YES,,,,"Q1, Q1, Q1",GS,Inner Middle,OPP Goal,,,,
SGPvsSwans_20260710,895.2699814736512,85.70348079501048,SGP CPD,10,Center Mid Defense,WD,Center Mid Defense,C,,"Circle Edge, Circle Edge, Circle Edge, Circle Edge, Circle Edge","NO, YES, YES, NO, YES",,,,"Q1, Q1, Q1, Q1, Q1, Q1, Q1, Q1, Q1, Q1, Q1","GA, GS","Inner Middle, Inner Right","OPP Miss, SGP Miss",,,,
SGPvsSwans_20260710,1244.069494037654,22.30531939900311,SGP CPD,11,Center Right Attack,GA,,Not Taken,,Outside Circle,YES,,,,"Q2, Q2, Q2",GS,Inner Right,OPP Goal,,,,
SGPvsSwans_20260710,1298.7699293916514,21.50212923400386,SGP CPD,12,Center Left Attack,GA,Center Left Attack,WD,,"Circle Edge, Circle Edge","YES, YES",,,,"Q2, Q2, Q2, Q2, Q2",GA,Inner Right,OPP Goal,,,,
SGPvsSwans_20260710,1357.9708574086633,15.406027138999661,SGP CPD,13,Center Right Attack,GA,Attacking Right Pocket,WA,,Circle Edge,YES,,,,"Q2, Q2, Q2",GS,Inner Middle,OPP Goal,,,,
SGPvsSwans_20260710,1447.169837412648,17.60258094599908,SGP CPD,14,Center Left Attack,GA,Attacking Left,WA,,,,,,,"Q2, Q2, Q2",GS,Inner Middle,OPP Goal,,,,
SGPvsSwans_20260710,1536.869855266646,22.305360592022453,SGP CPD,15,Center Mid Attack,GA,Center Mid Attack,WA,,"Circle Edge, Circle Edge","YES, YES",,,,"Q2, Q2, Q2, Q2, Q2",GS,Inner Left,OPP Goal,,,,
SGPvsSwans_20260710,1613.372604105652,18.003013478014054,SGP CPD,16,Center Left Attack,GA,Attacking Middle,WA,,Circle Edge,YES,,,,"Q2, Q2, Q2",GS,Inner Right,OPP Goal,,,,
SGPvsSwans_20260710,1661.7710043116674,21.504420509991405,SGP CPD,17,Center Right Attack,WA,Attacking Right,GA,,Circle Edge,YES,,,,"Q2, Q2, Q2",GS,Inner Left,OPP Goal,,,,
SGPvsSwans_20260710,1715.4728986556486,27.302471779004463,SGP CPD,18,Center Right Attack,GA,Center Mid Attack,WA,,Circle Edge,YES,,,,"Q2, Q2, Q2, Q2, Q2, Q2","GA, GS","Outer Left, Inner Middle","OPP Miss, OPP Goal",,,,
SGPvsSwans_20260710,1839.3704525696478,26.40495988402199,SGP CPD,19,Center Left Attack,GA,Center Mid Attack,GD,,Outside Circle,YES,,,,"Q2, Q2, Q2, Q2",GS,Inner Left,OPP Goal,,,,
SGPvsSwans_20260710,1891.27221269665,54.402030927010856,SGP CPD,20,Center Right Attack,GA,Attacking Middle,WA,,"Circle Edge, Circle Edge","NO, YES",,,,"Q2, Q2, Q2, Q2, Q2, Q2, Q2",GS,Inner Right,OPP Goal,,,,
SGPvsSwans_20260710,1962.8705836746544,9.406320177995212,SGP CPD,21,Center Right Attack,WA,Attacking Right Pocket,GA,,Outside Circle,YES,,,,"Q2, Q2, Q2",GS,Inner Right,OPP Goal,,,,
SGPvsSwans_20260710,1993.8636818876575,74.61140737600135,SGP CPD,22,Center Left Attack,GA,Center Mid Attack,WA,,"Circle Edge, Circle Edge, Outside Circle","YES, YES, YES",,,,"Q2, Q2, Q2, Q2, Q2, Q2, Q2, Q2, Q2, Q2","GS, GS","Inner Left, Inner Left","OPP Miss, OPP Goal",,,,
SGPvsSwans_20260710,2113.7695713226476,29.50575770400974,SGP CPD,23,Center Right Attack,GA,Attacking Left Pocket,WA,,Circle Edge,YES,,,,"Q2, Q2, Q2, Q2, Q2, Q2",GS,Inner Middle,OPP Goal,,,,
SGPvsSwans_20260710,2557.9712836166636,15.80559425198544,SGP CPD,24,Center Mid Attack,GA,,,,Circle Edge,YES,,,,"Q3, Q3, Q3, Q3, Q3, Q3",GA,Inner Left,OPP Goal,,,,
SGPvsSwans_20260710,2599.5708479676514,38.70428636500401,SGP CPD,25,Center Right Attack,GA,Attacking Right,WA,,"Circle Edge, Circle Edge, Circle Edge","YES, YES, YES",,,,"Q3, Q3, Q3, Q3, Q3, Q3, Q3","GA, GS","Outer Left, Inner Left","OPP Miss, SGP Goal",,,,
SGPvsSwans_20260710,2690.5710428296525,51.60361415100533,SGP CPD,26,Center Right Attack,WA,Attacking Left,GA,,"Circle Edge, Circle Edge","NO, YES",,,,"Q3, Q3, Q3, Q3, Q3, Q3",GS,Inner Left,OPP Goal,,,,
SGPvsSwans_20260710,2800.571812631668,14.202373098984935,SGP CPD,27,Center Right Attack,GA,Attacking Right,C,,Circle Edge,YES,,,,"Q3, Q3, Q3",GS,Inner Left,OPP Goal,,,,
SGPvsSwans_20260710,2865.570798690663,12.00474694699733,SGP CPD,28,Center Left Attack,GA,Attacking Left Pocket,C,,Circle Edge,YES,,,,"Q3, Q3, Q3",GS,Inner Middle,OPP Goal,,,,
SGPvsSwans_20260710,2922.071001806661,10.605648830999144,SGP CPD,29,Center Left Attack,WA,Attacking Left,GA,,Circle Edge,YES,,,,"Q3, Q3, Q3",GS,Inner Middle,OPP Goal,,,,
SGPvsSwans_20260710,2958.170080833664,27.005440069995984,SGP CPD,30,Center Mid Attack,WA,Center Left Attack,GD,,Circle Edge,YES,,,,"Q3, Q3, Q3, Q3, Q3",GS,Inner Right,OPP Goal,,,,
SGPvsSwans_20260710,3044.962122222222,63.33608294877149,SGP CPD,31,Center Left Attack,WA,Attacking Left,GS,,"Circle Edge, Circle Edge, Circle Edge","YES, YES, YES",,,,"Q3, Q3, Q3, Q3, Q3, Q3, Q3, Q3, Q3, Q3, Q3","GS, GA, GS","Inner Left, Inner Left, Inner Middle","OPP Miss, OPP Miss, OPP Goal",,,,
SGPvsSwans_20260710,3179.4705969376696,9.904740577986558,SGP CPD,32,Center Right Attack,WA,Attacking D,GS,,Outside Circle,YES,,,,"Q3, Q3, Q3",GS,Inner Left,OPP Goal,,,,
SGPvsSwans_20260710,3208.4703255656564,13.702521125988824,SGP CPD,33,Center Left Attack,WA,Attacking Left Pocket,C,,Circle Edge,YES,,,,"Q3, Q3, Q3",GS,Inner Right,OPP Goal,,,,
SGPvsSwans_20260710,3264.0706363596523,14.503563879003195,SGP CPD,34,Center Right Attack,GA,Center Mid Attack,WA,,Outside Circle,YES,,,,"Q3, Q3, Q3",GS,Inner Middle,OPP Goal,,,,
SGPvsSwans_20260710,3296.471058076651,35.90377355100418,SGP CPD,35,Center Right Defense,GD,Center Mid Attack,WD,,"Outside Circle, Circle Edge","NO, YES",,,,"Q3, Q3, Q3, Q3, Q3, Q3",GA,Inner Left,SGP Goal,,,,
SGPvsSwans_20260710,3382.574275010658,21.300864361003278,SGP CPD,36,Center Right Attack,WA,,Not Taken,,"Outside Circle, Circle Edge","YES, YES",,,,"Q3, Q3, Q3, Q3, Q3",GA,Inner Right,OPP Goal,,,,
SGPvsSwans_20260710,3718.06830873266,101.4072637770073,SGP CPD,37,Center Left Attack,WA,Attacking Left Pocket,C,,"Circle Edge, Circle Edge, Circle Edge, Circle Edge","NO, NO, NO, YES",,,,"Q4, Q4, Q4, Q4, Q4, Q4, Q4, Q4, Q4, Q4",GS,Inner Middle,OPP Goal,,,,
SGPvsSwans_20260710,3845.8683060796516,20.387902203005524,SGP CPD,38,Center Right Attack,WA,Attacking Right,C,,Circle Edge,YES,,,,"Q4, Q4, Q4, Q4, Q4",GA,Inner Right,OPP Goal,,,,
SGPvsSwans_20260710,3959.470115365666,21.70496672698755,SGP CPD,39,Center Mid Defense,WD,Center Right Defense,C,,Outside Circle,YES,,,,"Q4, Q4, Q4, Q4",GA,Inner Middle,OPP Goal,,,,
SGPvsSwans_20260710,4158.270313664654,50.80506275399421,SGP CPD,40,Center Right Attack,WA,Attacking D,GS,,"Outside Circle, Circle Edge, Circle Edge, Circle Edge","YES, YES, NO, YES",,,,"Q4, Q4, Q4, Q4, Q4, Q4, Q4, Q4, Q4","GS, GA","Inner Right, Inner Left","OPP Miss, SGP Goal",,,,
SGPvsSwans_20260710,4271.171914338656,23.400322358003905,SGP CPD,41,Center Right Attack,WA,Attacking Middle,GA,,,,,,,"Q4, Q4, Q4",GS,Inner Right,OPP Goal,,,,
SGPvsSwans_20260710,4351.5714506296645,12.103008724994652,SGP CPD,42,Center Left Attack,GA,Attacking Left Pocket,WA,,Circle Edge,YES,,,,"Q4, Q4, Q4, Q4",GS,Inner Left,OPP Goal,,,,
SGPvsSwans_20260710,4405.720691952649,31.955411200995513,SGP CPD,43,Center Right Attack,WD,Center Right Attack,WA,,Circle Edge,YES,,,,"Q4, Q4, Q4, Q4, Q4",GA,Inner Middle,OPP Goal,,,,
SGPvsSwans_20260710,4478.467092105654,14.108344629001294,SGP CPD,44,Center Right Defense,WD,Attacking Right Pocket,WA,,Outside Circle,YES,,,,"Q4, Q4, Q4",GA,Outer Right,OPP Goal,,,,
SGPvsSwans_20260710,4523.2702676166555,27.50520548901204,SGP CPD,45,Center Mid Attack,WA,,Not Taken,,"Outside Circle, Inside Circle","YES, YES",,,,"Q4, Q4, Q4, Q4, Q4",GS,Inner Middle,OPP Goal,,,,
SGPvsSwans_20260710,4615.868367812663,25.506198223994943,SGP CPD,46,Center Mid Attack,WD,Attacking Right,GA,,"Outside Circle, Outside Circle","NO, YES",,,,"Q4, Q4, Q4, Q4, Q4",GS,Inner Left,OPP Goal,,,,
SGPvsSwans_20260710,86.56788929265974,13.705071110006287,SGP DCPD,1,,,,,,Circle Edge,YES,,,,"Q1, Q1, Q1",GS,Inner Middle,OPP Goal,,,,
SGPvsSwans_20260710,121.77085557866104,26.499687486991206,SGP DCPD,2,,,,,,"Outside Circle, Circle Edge","NO, NO",,,,"Q1, Q1, Q1",,,,,,,
SGPvsSwans_20260710,234.5705534526573,11.804756679991783,SGP DCPD,3,,,,,,Circle Edge,YES,,,,"Q1, Q1, Q1",GA,Inner Left,OPP Goal,,,,
SGPvsSwans_20260710,287.5687609806509,11.505360302000042,SGP DCPD,4,,,,,,Circle Edge,YES,,,,"Q1, Q1, Q1",GS,Inner Left,OPP Goal,,,,
SGPvsSwans_20260710,375.3693020656538,13.097293743002979,SGP DCPD,5,,,,,,Circle Edge,NO,,,,"Q1, Q1",,,,,,,
SGPvsSwans_20260710,490.6706376676611,42.10604818199141,SGP DCPD,6,,,,,,"Outside Circle, Circle Edge","NO, YES",,,,"Q1, Q1, Q1, Q1, Q1, Q1",GS,Inner Left,OPP Miss,,,,
SGPvsSwans_20260710,720.1678447756609,29.607463544999177,SGP DCPD,7,,,,,,Circle Edge,YES,,,,"Q1, Q1, Q1",GS,Inner Left,OPP Goal,,,,
SGPvsSwans_20260710,789.1709214876576,20.003937936989473,SGP DCPD,8,,,,,,Outside Circle,YES,,,,"Q1, Q1, Q1",GS,Inner Middle,OPP Goal,,,,
SGPvsSwans_20260710,856.6704530886652,11.905306387992027,SGP DCPD,9,,,,,,Outside Circle,YES,,,,"Q1, Q1, Q1",GS,Inner Middle,OPP Goal,,,,
SGPvsSwans_20260710,895.2699814736512,39.00005147200727,SGP DCPD,10,,,,,,"Circle Edge, Circle Edge, Circle Edge","NO, YES, YES",,,,"Q1, Q1, Q1, Q1, Q1",GA,Inner Middle,OPP Miss,,,,
SGPvsSwans_20260710,1244.069494037654,22.30531939900311,SGP DCPD,11,,,,,,Outside Circle,YES,,,,"Q2, Q2, Q2",GS,Inner Right,OPP Goal,,,,
SGPvsSwans_20260710,1298.7699293916514,21.50212923400386,SGP DCPD,12,,,,,,"Circle Edge, Circle Edge","YES, YES",,,,"Q2, Q2, Q2, Q2, Q2",GA,Inner Right,OPP Goal,,,,
SGPvsSwans_20260710,1357.9708574086633,15.406027138999661,SGP DCPD,13,,,,,,Circle Edge,YES,,,,"Q2, Q2, Q2",GS,Inner Middle,OPP Goal,,,,
SGPvsSwans_20260710,1447.169837412648,17.60258094599908,SGP DCPD,14,,,,,,,,,,,"Q2, Q2, Q2",GS,Inner Middle,OPP Goal,,,,
SGPvsSwans_20260710,1536.869855266646,22.305360592022453,SGP DCPD,15,,,,,,"Circle Edge, Circle Edge","YES, YES",,,,"Q2, Q2, Q2, Q2, Q2",GS,Inner Left,OPP Goal,,,,
SGPvsSwans_20260710,1613.372604105652,18.003013478014054,SGP DCPD,16,,,,,,Circle Edge,YES,,,,"Q2, Q2, Q2",GS,Inner Right,OPP Goal,,,,
SGPvsSwans_20260710,1661.7710043116674,21.504420509991405,SGP DCPD,17,,,,,,Circle Edge,YES,,,,"Q2, Q2, Q2",GS,Inner Left,OPP Goal,,,,
SGPvsSwans_20260710,1715.4728986556486,18.195534680011633,SGP DCPD,18,,,,,,Circle Edge,YES,,,,"Q2, Q2, Q2",GA,Outer Left,OPP Miss,,,,
SGPvsSwans_20260710,1839.3704525696478,26.40495988402199,SGP DCPD,19,,,,,,Outside Circle,YES,,,,"Q2, Q2, Q2, Q2",GS,Inner Left,OPP Goal,,,,
SGPvsSwans_20260710,1891.27221269665,7.095454375007648,SGP DCPD,20,,,,,,Circle Edge,NO,,,,"Q2, Q2",,,,,,,
SGPvsSwans_20260710,1962.8705836746544,9.406320177995212,SGP DCPD,21,,,,,,Outside Circle,YES,,,,"Q2, Q2, Q2",GS,Inner Right,OPP Goal,,,,
SGPvsSwans_20260710,1993.8636818876575,15.602008437000677,SGP DCPD,22,,,,,,Circle Edge,YES,,,,"Q2, Q2, Q2",GS,Inner Left,OPP Miss,,,,
SGPvsSwans_20260710,2113.7695713226476,29.50575770400974,SGP DCPD,23,,,,,,Circle Edge,YES,,,,"Q2, Q2, Q2, Q2, Q2, Q2",GS,Inner Middle,OPP Goal,,,,
SGPvsSwans_20260710,2557.9712836166636,15.80559425198544,SGP DCPD,24,,,,,,Circle Edge,YES,,,,"Q3, Q3, Q3, Q3, Q3, Q3",GA,Inner Left,OPP Goal,,,,
SGPvsSwans_20260710,2599.5708479676514,22.999297261005722,SGP DCPD,25,,,,,,"Circle Edge, Circle Edge","YES, YES",,,,"Q3, Q3, Q3, Q3",GA,Outer Left,OPP Miss,,,,
SGPvsSwans_20260710,2690.5710428296525,9.197321370996633,SGP DCPD,26,,,,,,Circle Edge,NO,,,,"Q3, Q3",,,,,,,
SGPvsSwans_20260710,2800.571812631668,14.202373098984935,SGP DCPD,27,,,,,,Circle Edge,YES,,,,"Q3, Q3, Q3",GS,Inner Left,OPP Goal,,,,
SGPvsSwans_20260710,2865.570798690663,12.00474694699733,SGP DCPD,28,,,,,,Circle Edge,YES,,,,"Q3, Q3, Q3",GS,Inner Middle,OPP Goal,,,,
SGPvsSwans_20260710,2922.071001806661,10.605648830999144,SGP DCPD,29,,,,,,Circle Edge,YES,,,,"Q3, Q3, Q3",GS,Inner Middle,OPP Goal,,,,
SGPvsSwans_20260710,2958.170080833664,27.005440069995984,SGP DCPD,30,,,,,,Circle Edge,YES,,,,"Q3, Q3, Q3, Q3, Q3",GS,Inner Right,OPP Goal,,,,
SGPvsSwans_20260710,3044.962122222222,15.661522222222175,SGP DCPD,31,Center Left Attack,WA,Attacking Left,GS,,Circle Edge,YES,,,,"Q3, Q3, Q3",GS,Inner Left,OPP Miss,,,,
SGPvsSwans_20260710,3179.4705969376696,9.904740577986558,SGP DCPD,32,,,,,,Outside Circle,YES,,,,"Q3, Q3, Q3",GS,Inner Left,OPP Goal,,,,
SGPvsSwans_20260710,3208.4703255656564,13.702521125988824,SGP DCPD,33,,,,,,Circle Edge,YES,,,,"Q3, Q3, Q3",GS,Inner Right,OPP Goal,,,,
SGPvsSwans_20260710,3264.0706363596523,14.503563879003195,SGP DCPD,34,,,,,,Outside Circle,YES,,,,"Q3, Q3, Q3",GS,Inner Middle,OPP Goal,,,,
SGPvsSwans_20260710,3296.471058076651,13.798440285011111,SGP DCPD,35,,,,,,Outside Circle,NO,,,,"Q3, Q3",,,,,,,
SGPvsSwans_20260710,3382.574275010658,21.300864361003278,SGP DCPD,36,,,,,,"Outside Circle, Circle Edge","YES, YES",,,,"Q3, Q3, Q3, Q3, Q3",GA,Inner Right,OPP Goal,,,,
SGPvsSwans_20260710,3718.06830873266,18.90150620800523,SGP DCPD,37,,,,,,,,,,,Q4,,,,,,,
SGPvsSwans_20260710,3845.8683060796516,20.387902203005524,SGP DCPD,38,,,,,,Circle Edge,YES,,,,"Q4, Q4, Q4, Q4, Q4",GA,Inner Right,OPP Goal,,,,
SGPvsSwans_20260710,3959.470115365666,21.70496672698755,SGP DCPD,39,,,,,,Outside Circle,YES,,,,"Q4, Q4, Q4, Q4",GA,Inner Middle,OPP Goal,,,,
SGPvsSwans_20260710,4158.270313664654,13.999605832012094,SGP DCPD,40,,,,,,Outside Circle,YES,,,,"Q4, Q4, Q4",GS,Inner Right,OPP Miss,,,,
SGPvsSwans_20260710,4271.171914338656,23.400322358003905,SGP DCPD,41,,,,,,,,,,,"Q4, Q4, Q4",GS,Inner Right,OPP Goal,,,,
SGPvsSwans_20260710,4351.5714506296645,12.103008724994652,SGP DCPD,42,,,,,,Circle Edge,YES,,,,"Q4, Q4, Q4, Q4",GS,Inner Left,OPP Goal,,,,
SGPvsSwans_20260710,4405.720691952649,31.955411200995513,SGP DCPD,43,,,,,,Circle Edge,YES,,,,"Q4, Q4, Q4, Q4, Q4",GA,Inner Middle,OPP Goal,,,,
SGPvsSwans_20260710,4478.467092105654,14.108344629001294,SGP DCPD,44,,,,,,Outside Circle,YES,,,,"Q4, Q4, Q4",GA,Outer Right,OPP Goal,,,,
SGPvsSwans_20260710,4523.2702676166555,27.50520548901204,SGP DCPD,45,,,,,,"Outside Circle, Inside Circle","YES, YES",,,,"Q4, Q4, Q4, Q4, Q4",GS,Inner Middle,OPP Goal,,,,
SGPvsSwans_20260710,4615.868367812663,25.506198223994943,SGP DCPD,46,,,,,,"Outside Circle, Outside Circle","NO, YES",,,,"Q4, Q4, Q4, Q4, Q4",GS,Inner Left,OPP Goal,,,,
SGPvsSwans_20260710,72.57095570565806,5.192883160998619,OPP Feed,1,,,,,,Circle Edge,YES,,,,Q1,,,,,,,
SGPvsSwans_20260710,74.77400607465158,5.1982408630074985,OPP Feed,2,,,,,,Inside Circle,YES,,,,Q1,,,,,,,
SGPvsSwans_20260710,89.47133035065518,5.303838500999817,OPP Feed,3,,,,,,Circle Edge,YES,,,,Q1,,,,,,,
SGPvsSwans_20260710,129.66765679765984,5.1927460149978515,OPP Feed,4,,,,,,Outside Circle,NO,,,,Q1,,,,,,,
SGPvsSwans_20260710,141.86910628965484,5.2789217850022965,OPP Feed,5,,,,,,Circle Edge,NO,,,,Q1,,,,,,,
SGPvsSwans_20260710,177.96498787666565,5.205750014985028,OPP Feed,6,,,,,,Circle Edge,YES,,,,Q1,,,,,,,
SGPvsSwans_20260710,179.5647325876696,5.207379475988205,OPP Feed,7,,,,,,Inside Circle,YES,,,,Q1,,,,,,,
SGPvsSwans_20260710,237.16927464665253,5.201712011009363,OPP Feed,8,,,,,,Circle Edge,YES,,,,Q1,,,,,,,
SGPvsSwans_20260710,275.1688434836543,5.20004830300212,OPP Feed,9,,,,,,Circle Edge,YES,,,,Q1,,,,,,,
SGPvsSwans_20260710,288.56917476265875,5.2012264119996985,OPP Feed,10,,,,,,Circle Edge,YES,,,,Q1,,,,,,,
SGPvsSwans_20260710,359.47177313366205,5.185916668998516,OPP Feed,11,,,,,,Outside Circle,YES,,,,Q1,,,,,,,
SGPvsSwans_20260710,381.97001323565263,5.312108351001314,OPP Feed,12,,,,,,Circle Edge,NO,,,,Q1,,,,,,,
SGPvsSwans_20260710,401.6702304056584,5.302355973003273,OPP Feed,13,,,,,,Circle Edge,NO,,,,Q1,,,,,,,
SGPvsSwans_20260710,471.87250428065306,5.120211956008347,OPP Feed,14,,,,,,Circle Edge,NO,,,,Q1,,,,,,,
SGPvsSwans_20260710,479.36815604465846,5.192020029002322,OPP Feed,15,,,,,,Circle Edge,YES,,,,Q1,,,,,,,
SGPvsSwans_20260710,505.5694542966514,5.3122709500154315,OPP Feed,16,,,,,,Outside Circle,NO,,,,Q1,,,,,,,
SGPvsSwans_20260710,517.070989863657,5.299146693996363,OPP Feed,17,,,,,,Circle Edge,YES,,,,Q1,,,,,,,
SGPvsSwans_20260710,601.8698491176486,5.198393938006916,OPP Feed,18,,,,,,Outside Circle,YES,,,,Q1,,,,,,,
SGPvsSwans_20260710,606.0657192306578,5.204666974998986,OPP Feed,19,,,,,,Circle Edge,YES,,,,Q1,,,,,,,
SGPvsSwans_20260710,613.0677950486502,5.302904577002437,OPP Feed,20,,,,,,Circle Edge,NO,,,,Q1,,,,,,,
SGPvsSwans_20260710,689.0702133326561,5.196515797996881,OPP Feed,21,,,,,,Outside Circle,YES,,,,Q1,,,,,,,
SGPvsSwans_20260710,694.4675554006596,5.304386300997976,OPP Feed,22,,,,,,Circle Edge,NO,,,,Q1,,,,,,,
SGPvsSwans_20260710,739.1710559696621,5.284453419993497,OPP Feed,23,,,,,,Circle Edge,YES,,,,Q1,,,,,,,
SGPvsSwans_20260710,777.8704780856557,5.203205004006918,OPP Feed,24,,,,,,Outside Circle,YES,,,,Q1,,,,,,,
SGPvsSwans_20260710,797.4679806396684,5.3040356739891195,OPP Feed,25,,,,,,Outside Circle,YES,,,,Q1,,,,,,,
SGPvsSwans_20260710,829.4699528536553,5.294205371998032,OPP Feed,26,,,,,,Circle Edge,NO,,,,Q1,,,,,,,
SGPvsSwans_20260710,857.9698440846531,5.102888228996676,OPP Feed,27,,,,,,Outside Circle,YES,,,,Q1,,,,,,,
SGPvsSwans_20260710,877.1662799426508,5.203893567008663,OPP Feed,28,,,,,,Circle Edge,YES,,,,Q1,,,,,,,
SGPvsSwans_20260710,903.6681780256573,5.184009116009179,OPP Feed,29,,,,,,Circle Edge,NO,,,,Q1,,,,,,,
SGPvsSwans_20260710,917.3672798216539,5.201138536989902,OPP Feed,30,,,,,,Circle Edge,YES,,,,Q1,,,,,,,
SGPvsSwans_20260710,923.2709206836635,5.196791731991311,OPP Feed,31,,,,,,Circle Edge,YES,,,,Q1,,,,,,,
SGPvsSwans_20260710,1231.4743056336642,5.201130218988283,OPP Feed,32,,,,,,Circle Edge,YES,,,,Q2,,,,,,,
SGPvsSwans_20260710,1232.8684815836568,5.318222774999185,OPP Feed,33,,,,,,Circle Edge,YES,,,,Q2,,,,,,,
SGPvsSwans_20260710,1253.5708600386542,5.186934805997453,OPP Feed,34,,,,,,Outside Circle,YES,,,,Q2,,,,,,,
SGPvsSwans_20260710,1305.7703546166529,5.194014450004033,OPP Feed,35,,,,,,Circle Edge,YES,,,,Q2,,,,,,,
SGPvsSwans_20260710,1308.7728091906604,5.201420294001991,OPP Feed,36,,,,,,Circle Edge,YES,,,,Q2,,,,,,,
SGPvsSwans_20260710,1346.0708264746581,5.188009434003561,OPP Feed,37,,,,,,Outside Circle,YES,,,,Q2,,,,,,,
SGPvsSwans_20260710,1363.870451290646,5.199952780013064,OPP Feed,38,,,,,,Circle Edge,YES,,,,Q2,,,,,,,
SGPvsSwans_20260710,1434.6692705486678,5.298392632982768,OPP Feed,39,,,,,,Circle Edge,YES,,,,Q2,,,,,,,
SGPvsSwans_20260710,1538.0195,5.0,OPP Feed,40,,,,,,Outside Circle,YES,,,,Q2,,,,,,,
SGPvsSwans_20260710,1543.4678633366536,5.184292755003071,OPP Feed,41,,,,,,Circle Edge,YES,,,,Q2,,,,,,,
SGPvsSwans_20260710,1544.8700578196504,5.197552800996391,OPP Feed,42,,,,,,Circle Edge,YES,,,,Q2,,,,,,,
SGPvsSwans_20260710,1589.2696500306583,5.180171710997001,OPP Feed,43,,,,,,Circle Edge,YES,,,,Q2,,,,,,,
SGPvsSwans_20260710,1621.5696337916506,5.288103741005216,OPP Feed,44,,,,,,Circle Edge,YES,,,,Q2,,,,,,,
SGPvsSwans_20260710,1671.6682376956526,5.302889880007115,OPP Feed,45,,,,,,Circle Edge,YES,,,,Q2,,,,,,,
SGPvsSwans_20260710,1719.8704114146635,5.2976965799903155,OPP Feed,46,,,,,,Circle Edge,YES,,,,Q2,,,,,,,
SGPvsSwans_20260710,1725.2562,5.0,OPP Feed,47,,,,,,Inside Circle,YES,,,,Q2,,,,,,,
SGPvsSwans_20260710,1764.2708570886577,5.1994511889977275,OPP Feed,48,,,,,,Circle Edge,YES,,,,Q2,,,,,,,
SGPvsSwans_20260710,1776.3681516346585,5.288818556999331,OPP Feed,49,,,,,,Circle Edge,YES,,,,Q2,,,,,,,
SGPvsSwans_20260710,1778.5680081286564,5.308240012995839,OPP Feed,50,,,,,,Inside Circle,NO,,,,Q2,,,,,,,
SGPvsSwans_20260710,1824.1678721776557,5.311309001999234,OPP Feed,51,,,,,,Circle Edge,YES,,,,Q2,,,,,,,
SGPvsSwans_20260710,1855.4701954836594,5.315465375996382,OPP Feed,52,,,,,,Outside Circle,YES,,,,Q2,,,,,,,
SGPvsSwans_20260710,1891.8747025806579,5.200150586990958,OPP Feed,53,,,,,,Circle Edge,NO,,,,Q2,,,,,,,
SGPvsSwans_20260710,1934.9684535716526,5.1997428920003586,OPP Feed,54,,,,,,Circle Edge,YES,,,,Q2,,,,,,,
SGPvsSwans_20260710,1963.5706587926659,5.186861040993108,OPP Feed,55,,,,,,Outside Circle,YES,,,,Q2,,,,,,,
SGPvsSwans_20260710,1996.9712251856602,5.180406979995951,OPP Feed,56,,,,,,Circle Edge,YES,,,,Q2,,,,,,,
SGPvsSwans_20260710,2034.9703723436596,5.194788519997701,OPP Feed,57,,,,,,Circle Edge,NO,,,,Q2,,,,,,,
SGPvsSwans_20260710,2058.270183735671,5.194721832989217,OPP Feed,58,,,,,,Outside Circle,YES,,,,Q2,,,,,,,
SGPvsSwans_20260710,2115.7728269176578,5.245097509007792,OPP Feed,59,,,,,,Circle Edge,YES,,,,Q2,,,,,,,
SGPvsSwans_20260710,2147.869753273662,5.301403290993676,OPP Feed,60,,,,,,Circle Edge,YES,,,,Q2,,,,,,,
SGPvsSwans_20260710,2560.175475232658,5.297005704994717,OPP Feed,61,,,,,,Circle Edge,YES,,,,Q3,,,,,,,
SGPvsSwans_20260710,2603.3695372636494,5.200680435013965,OPP Feed,62,,,,,,Circle Edge,YES,,,,Q3,,,,,,,
SGPvsSwans_20260710,2604.5701724406563,5.31938921699566,OPP Feed,63,,,,,,Circle Edge,YES,,,,Q3,,,,,,,
SGPvsSwans_20260710,2626.3903325779916,5.165615463998165,OPP Feed,64,,,,,,Circle Edge,YES,,,,Q3,,,,,,,
SGPvsSwans_20260710,2679.768008864649,5.2031561310086545,OPP Feed,65,,,,,,Outside Circle,YES,,,,Q3,,,,,,,
SGPvsSwans_20260710,2693.9704505966583,5.312370585992539,OPP Feed,66,,,,,,Circle Edge,NO,,,,Q3,,,,,,,
SGPvsSwans_20260710,2731.970159058663,5.195581667001534,OPP Feed,67,,,,,,Circle Edge,YES,,,,Q3,,,,,,,
SGPvsSwans_20260710,2786.763466666667,5.0,OPP Feed,68,,,,,,Circle Edge,NO,,,,Q3,,,,,,,
SGPvsSwans_20260710,2806.068558086665,5.138646922993303,OPP Feed,69,,,,,,Circle Edge,YES,,,,Q3,,,,,,,
SGPvsSwans_20260710,2822.775430846655,5.101350038990859,OPP Feed,70,,,,,,Outside Circle,YES,,,,Q3,,,,,,,
SGPvsSwans_20260710,2828.369059375649,5.2016296030128615,OPP Feed,71,,,,,,Circle Edge,NO,,,,Q3,,,,,,,
SGPvsSwans_20260710,2837.1702861846566,5.501023932996759,OPP Feed,72,,,,,,Circle Edge,NO,,,,Q3,,,,,,,
SGPvsSwans_20260710,2845.7714689136465,5.299546990018371,OPP Feed,73,,,,,,Circle Edge,YES,,,,Q3,,,,,,,
SGPvsSwans_20260710,2853.873774792648,5.301174054006879,OPP Feed,74,,,,,,Circle Edge,YES,,,,Q3,,,,,,,
SGPvsSwans_20260710,2868.8718889266565,5.117603791999954,OPP Feed,75,,,,,,Circle Edge,YES,,,,Q3,,,,,,,
SGPvsSwans_20260710,2901.4680577646527,5.201979188004316,OPP Feed,76,,,,,,Circle Edge,NO,,,,Q3,,,,,,,
SGPvsSwans_20260710,2911.368992973658,5.198026450986163,OPP Feed,77,,,,,,Circle Edge,YES,,,,Q3,,,,,,,
SGPvsSwans_20260710,2923.0708032226667,5.286757817991202,OPP Feed,78,,,,,,Circle Edge,YES,,,,Q3,,,,,,,
SGPvsSwans_20260710,2973.568012127651,5.206169943000532,OPP Feed,79,,,,,,Circle Edge,YES,,,,Q3,,,,,,,
SGPvsSwans_20260710,3031.6700159286543,5.189752402003705,OPP Feed,80,,,,,,Outside Circle,YES,,,,Q3,,,,,,,
SGPvsSwans_20260710,3054.3871222222224,5.0,OPP Feed,81,,,,,,Circle Edge,YES,,,,Q3,,,,,,,
SGPvsSwans_20260710,3079.897322222222,5.0,OPP Feed,82,,,,,,Circle Edge,YES,,,,Q3,,,,,,,
SGPvsSwans_20260710,3097.993190797997,5.104829538995091,OPP Feed,83,,,,,,Circle Edge,YES,,,,Q3,,,,,,,
SGPvsSwans_20260710,3164.770799662646,5.1897895240122125,OPP Feed,84,,,,,,Circle Edge,YES,,,,Q3,,,,,,,
SGPvsSwans_20260710,3180.271485644651,5.202583931006302,OPP Feed,85,,,,,,Outside Circle,YES,,,,Q3,,,,,,,
SGPvsSwans_20260710,3212.771071352655,5.191999885004407,OPP Feed,86,,,,,,Circle Edge,YES,,,,Q3,,,,,,,
SGPvsSwans_20260710,3268.9694187346645,5.100587245989118,OPP Feed,87,,,,,,Outside Circle,YES,,,,Q3,,,,,,,
SGPvsSwans_20260710,3304.572502727658,5.187705000005735,OPP Feed,88,,,,,,Outside Circle,NO,,,,Q3,,,,,,,
SGPvsSwans_20260710,3362.3675836286475,5.145422347015483,OPP Feed,89,,,,,,Outside Circle,YES,,,,Q3,,,,,,,
SGPvsSwans_20260710,3370.6684940526607,5.201491655004702,OPP Feed,90,,,,,,Circle Edge,YES,,,,Q3,,,,,,,
SGPvsSwans_20260710,3389.9737147976525,5.2002398330041615,OPP Feed,91,,,,,,Outside Circle,YES,,,,Q3,,,,,,,
SGPvsSwans_20260710,3393.7698166836653,5.3289998279960855,OPP Feed,92,,,,,,Circle Edge,YES,,,,Q3,,,,,,,
SGPvsSwans_20260710,3729.7210555555557,5.0,OPP Feed,93,,,,,,Circle Edge,NO,,,,Q4,,,,,,,
SGPvsSwans_20260710,3743.9700966906526,5.204188343016085,OPP Feed,94,,,,,,Circle Edge,NO,,,,Q4,,,,,,,
SGPvsSwans_20260710,3809.2699550246657,5.200130243989861,OPP Feed,95,,,,,,Circle Edge,YES,,,,Q4,,,,,,,
SGPvsSwans_20260710,3850.068899535652,5.201481100999445,OPP Feed,96,,,,,,Circle Edge,YES,,,,Q4,,,,,,,
SGPvsSwans_20260710,3947.27372317266,5.200313286999972,OPP Feed,97,,,,,,Circle Edge,YES,,,,Q4,,,,,,,
SGPvsSwans_20260710,3949.0701566916578,5.201707849003014,OPP Feed,98,,,,,,Inside Circle,YES,,,,Q4,,,,,,,
SGPvsSwans_20260710,3971.570685997668,5.304103688996747,OPP Feed,99,,,,,,Outside Circle,YES,,,,Q4,,,,,,,
SGPvsSwans_20260710,4141.067841704661,5.30105886999263,OPP Feed,100,,,,,,Outside Circle,YES,,,,Q4,,,,,,,
SGPvsSwans_20260710,4160.070310201667,5.298347658992498,OPP Feed,101,,,,,,Outside Circle,YES,,,,Q4,,,,,,,
SGPvsSwans_20260710,4235.2694849566515,5.301423125995825,OPP Feed,102,,,,,,Circle Edge,YES,,,,Q4,,,,,,,
SGPvsSwans_20260710,4252.167946162658,5.197223528996801,OPP Feed,103,,,,,,Circle Edge,YES,,,,Q4,,,,,,,
SGPvsSwans_20260710,4337.468757863658,5.2007341359994825,OPP Feed,104,,,,,,Outside Circle,YES,,,,Q4,,,,,,,
SGPvsSwans_20260710,4338.768091278654,5.191893052013256,OPP Feed,105,,,,,,Circle Edge,YES,,,,Q4,,,,,,,
SGPvsSwans_20260710,4353.370516261653,5.196194770011061,OPP Feed,106,,,,,,Circle Edge,YES,,,,Q4,,,,,,,
SGPvsSwans_20260710,4413.166630882657,5.805521928993585,OPP Feed,107,,,,,,Circle Edge,YES,,,,Q4,,,,,,,
SGPvsSwans_20260710,4463.873775613653,5.176300891013852,OPP Feed,108,,,,,,Circle Edge,YES,,,,Q4,,,,,,,
SGPvsSwans_20260710,4481.070578640654,5.202263151001716,OPP Feed,109,,,,,,Outside Circle,YES,,,,Q4,,,,,,,
SGPvsSwans_20260710,4536.47435408765,5.2013591270078905,OPP Feed,110,,,,,,Outside Circle,YES,,,,Q4,,,,,,,
SGPvsSwans_20260710,4539.574797037654,5.193655555995065,OPP Feed,111,,,,,,Inside Circle,YES,,,,Q4,,,,,,,
SGPvsSwans_20260710,4601.368102018655,5.2824718610118,OPP Feed,112,,,,,,Circle Edge,YES,,,,Q4,,,,,,,
SGPvsSwans_20260710,4603.071809355653,5.306217745009235,OPP Feed,113,,,,,,Inside Circle,YES,,,,Q4,,,,,,,
SGPvsSwans_20260710,4630.774358207654,5.100620307999634,OPP Feed,114,,,,,,Outside Circle,YES,,,,Q4,,,,,,,
SGPvsSwans_20260710,73.57564283065925,11.198849244997248,OPP Shot,1,,,,,,,,,,,Q1,GS,Inner Right,OPP Goal,,,,
SGPvsSwans_20260710,89.07482120065646,11.198139202009571,OPP Shot,2,,,,,,,,,,,Q1,GS,Inner Middle,OPP Goal,,,,
SGPvsSwans_20260710,178.07564869266372,11.199195428993278,OPP Shot,3,,,,,,,,,,,Q1,GS,Inner Left,OPP Goal,,,,
SGPvsSwans_20260710,235.27537693866964,11.099933193979439,OPP Shot,4,,,,,,,,,,,Q1,GA,Inner Left,OPP Goal,,,,
SGPvsSwans_20260710,275.07423377564965,11.199732203013696,OPP Shot,5,,,,,,,,,,,Q1,GA,Inner Right,OPP Goal,,,,
SGPvsSwans_20260710,287.874340988671,11.199780293979927,OPP Shot,6,,,,,,,,,,,Q1,GS,Inner Left,OPP Goal,,,,
SGPvsSwans_20260710,359.2750344296555,11.299457809990486,OPP Shot,7,,,,,,,,,,,Q1,GS,Inner Middle,OPP Goal,,,,
SGPvsSwans_20260710,478.0749769036571,11.300353078006367,OPP Shot,8,,,,,,,,,,,Q1,GS,Inner Left,OPP Goal,,,,
SGPvsSwans_20260710,516.073626707656,11.1013996909885,OPP Shot,9,,,,,,,,,,,Q1,GS,Inner Left,OPP Miss,,,,
SGPvsSwans_20260710,738.6751523626651,11.100155957994957,OPP Shot,10,,,,,,,,,,,Q1,GS,Inner Left,OPP Goal,,,,
SGPvsSwans_20260710,777.1752208446549,10.998941777001619,OPP Shot,11,,,,,,,,,,,Q1,GA,Inner Right,OPP Goal,,,,
SGPvsSwans_20260710,797.3755538356688,11.7993055889782,OPP Shot,12,,,,,,,,,,,Q1,GS,Inner Middle,OPP Goal,,,,
SGPvsSwans_20260710,857.3748462436589,11.200913232998346,OPP Shot,13,,,,,,,,,,,Q1,GS,Inner Middle,OPP Goal,,,,
SGPvsSwans_20260710,876.5752891596652,11.201179061997209,OPP Shot,14,,,,,,,,,,,Q1,GS,Inner Left,OPP Goal,,,,
SGPvsSwans_20260710,922.6739480136508,11.000384465012758,OPP Shot,15,,,,,,,,,,,Q1,GA,Inner Middle,OPP Miss,,,,
SGPvsSwans_20260710,1232.3751429736599,10.90014911500134,OPP Shot,16,,,,,,,,,,,Q2,GS,Inner Middle,OPP Goal,,,,
SGPvsSwans_20260710,1253.3749722646676,12.999841171989601,OPP Shot,17,,,,,,,,,,,Q2,GS,Inner Right,OPP Goal,,,,
SGPvsSwans_20260710,1309.275607220661,10.996451404994332,OPP Shot,18,,,,,,,,,,,Q2,GA,Inner Right,OPP Goal,,,,
SGPvsSwans_20260710,1345.0732363016707,11.202447772986488,OPP Shot,19,,,,,,,,,,,Q2,GS,Inner Right,OPP Goal,,,,
SGPvsSwans_20260710,1362.4752814506573,10.90160309700559,OPP Shot,20,,,,,,,,,,,Q2,GS,Inner Middle,OPP Goal,,,,
SGPvsSwans_20260710,1434.074335040668,11.095897126984028,OPP Shot,21,,,,,,,,,,,Q2,GS,Inner Right,OPP Goal,,,,
SGPvsSwans_20260710,1453.7756369006634,10.996781457983616,OPP Shot,22,,,,,,,,,,,Q2,GS,Inner Middle,OPP Goal,,,,
SGPvsSwans_20260710,1545.0764742466488,14.098741612019694,OPP Shot,23,,,,,,,,,,,Q2,GS,Inner Left,OPP Goal,,,,
SGPvsSwans_20260710,1588.8746401246497,11.799836459012568,OPP Shot,24,,,,,,,,,,,Q2,GS,Inner Left,OPP Miss,,,,
SGPvsSwans_20260710,1595.3751280596684,11.296457031996624,OPP Shot,25,,,,,,,,,,,Q2,GS,Inner Left,OPP Goal,,,,
SGPvsSwans_20260710,1620.3754386736528,11.000178910013346,OPP Shot,26,,,,,,,,,,,Q2,GS,Inner Right,OPP Goal,,,,
SGPvsSwans_20260710,1672.0870586466533,11.188366175005513,OPP Shot,27,,,,,,,,,,,Q2,GS,Outer Left,OPP Goal,,,,
SGPvsSwans_20260710,1719.2752098666485,11.800157706010395,OPP Shot,28,,,,,,,,,,,Q2,GA,Outer Left,OPP Miss,,,,
SGPvsSwans_20260710,1731.5740895416525,11.201280893000558,OPP Shot,29,,,,,,,,,,,Q2,GS,Inner Middle,OPP Goal,,,,
SGPvsSwans_20260710,1824.6345513556573,11.338084332005792,OPP Shot,30,,,,,,,,,,,Q2,GA,Inner Left,OPP Miss,,,,
SGPvsSwans_20260710,1827.775266615661,10.899895608995621,OPP Shot,31,,,,,,,,,,,Q2,GS,Inner Left,OPP Goal,,,,
SGPvsSwans_20260710,1854.773029541654,11.002382912015719,OPP Shot,32,,,,,,,,,,,Q2,GS,Inner Left,OPP Goal,,,,
SGPvsSwans_20260710,1934.4747166266466,11.199526997014345,OPP Shot,33,,,,,,,,,,,Q2,GS,Inner Right,OPP Goal,,,,
SGPvsSwans_20260710,1961.2751630596506,11.001740792999044,OPP Shot,34,,,,,,,,,,,Q2,GS,Inner Right,OPP Goal,,,,
SGPvsSwans_20260710,1997.9747919996626,10.799604688988666,OPP Shot,35,,,,,,,,,,,Q2,GS,Inner Left,OPP Miss,,,,
SGPvsSwans_20260710,2057.5741045526584,10.900984711000547,OPP Shot,36,,,,,,,,,,,Q2,GS,Inner Left,OPP Goal,,,,
SGPvsSwans_20260710,2131.9746310436526,11.300697983004738,OPP Shot,37,,,,,,,,,,,Q2,GS,Inner Middle,OPP Goal,,,,
SGPvsSwans_20260710,2147.5752364166556,11.699432408003304,OPP Shot,38,,,,,,,,,,,Q2,GS,Outer Left,OPP Miss,,,,
SGPvsSwans_20260710,2561.8832307006546,11.893647167994459,OPP Shot,39,,,,,,,,,,,Q3,GS,Inner Left,OPP Goal,,,,
SGPvsSwans_20260710,2603.5719411156556,11.703236119000849,OPP Shot,40,,,,,,,,,,,Q3,GA,Outer Left,OPP Miss,,,,
SGPvsSwans_20260710,2625.004788888889,10.792288888888834,OPP Shot,41,,,,,,,,,,,Q3,GS,Inner Left,OPP Goal,,,,
SGPvsSwans_20260710,2677.875448671656,10.899401931001194,OPP Shot,42,,,,,,,,,,,Q3,GS,Inner Left,OPP Goal,,,,
SGPvsSwans_20260710,2731.1755807526547,10.999076228003105,OPP Shot,43,,,,,,,,,,,Q3,GS,Inner Left,OPP Goal,,,,
SGPvsSwans_20260710,2787.8763807346545,12.59980186401026,OPP Shot,44,,,,,,,,,,,Q3,GS,Inner Right,OPP Goal,,,,
SGPvsSwans_20260710,2803.67379125065,11.100394480002706,OPP Shot,45,,,,,,,,,,,Q3,GS,Inner Left,OPP Goal,,,,
SGPvsSwans_20260710,2844.47474690465,11.498552023002048,OPP Shot,46,,,,,,,,,,,Q3,GS,Inner Middle,OPP Miss,,,,
SGPvsSwans_20260710,2852.674321627661,11.000621864990535,OPP Shot,47,,,,,,,,,,,Q3,GS,Inner Left,OPP Goal,,,,
SGPvsSwans_20260710,2866.7761897336563,10.799355904004187,OPP Shot,48,,,,,,,,,,,Q3,GS,Inner Middle,OPP Goal,,,,
SGPvsSwans_20260710,2911.183555047663,10.997126250988003,OPP Shot,49,,,,,,,,,,,Q3,GS,Inner Middle,OPP Goal,,,,
SGPvsSwans_20260710,2921.874485102661,10.802165534999403,OPP Shot,50,,,,,,,,,,,Q3,GS,Inner Middle,OPP Goal,,,,
SGPvsSwans_20260710,2973.97555205366,11.199968850000005,OPP Shot,51,,,,,,,,,,,Q3,GS,Inner Right,OPP Goal,,,,
SGPvsSwans_20260710,3030.6720961026467,11.102910344009615,OPP Shot,52,,,,,,,,,,,Q3,GS,Inner Left,OPP Goal,,,,
SGPvsSwans_20260710,3050.2386666666666,10.0,OPP Shot,53,,,,,,,,,,,Q3,GS,Inner Left,OPP Miss,,,,
SGPvsSwans_20260710,3080.0799,10.0,OPP Shot,54,,,,,,,,,,,Q3,GA,Inner Left,OPP Miss,,,,
SGPvsSwans_20260710,3096.998290293995,11.299914876998628,OPP Shot,55,,,,,,,,,,,Q3,GS,Inner Middle,OPP Goal,,,,
SGPvsSwans_20260710,3164.0754190086536,10.999508528012939,OPP Shot,56,,,,,,,,,,,Q3,GS,Inner Middle,OPP Goal,,,,
SGPvsSwans_20260710,3178.375237448644,11.000100067012227,OPP Shot,57,,,,,,,,,,,Q3,GS,Inner Left,OPP Goal,,,,
SGPvsSwans_20260710,3211.1756471326585,10.997199558986722,OPP Shot,58,,,,,,,,,,,Q3,GS,Inner Right,OPP Goal,,,,
SGPvsSwans_20260710,3267.676316449659,10.897883788996296,OPP Shot,59,,,,,,,,,,,Q3,GS,Inner Middle,OPP Goal,,,,
SGPvsSwans_20260710,3370.075831883655,10.799310200995478,OPP Shot,60,,,,,,,,,,,Q3,GS,Outer Left,OPP Goal,,,,
SGPvsSwans_20260710,3392.8759516186624,10.99918775299875,OPP Shot,61,,,,,,,,,,,Q3,GA,Outer Right,OPP Goal,,,,
SGPvsSwans_20260710,3807.974474992659,11.501097517008475,OPP Shot,62,,,,,,,,,,,Q4,GS,Inner Middle,OPP Goal,,,,
SGPvsSwans_20260710,3855.1750084556456,11.08119982701146,OPP Shot,63,,,,,,,,,,,Q4,GA,Inner Right,OPP Goal,,,,
SGPvsSwans_20260710,3946.7753228986508,11.200351119006427,OPP Shot,64,,,,,,,,,,,Q4,GS,Inner Right,OPP Goal,,,,
SGPvsSwans_20260710,3970.074512995661,11.100569096992785,OPP Shot,65,,,,,,,,,,,Q4,GA,Inner Middle,OPP Goal,,,,
SGPvsSwans_20260710,4139.17561193166,10.996215115997074,OPP Shot,66,,,,,,,,,,,Q4,GS,Inner Left,OPP Goal,,,,
SGPvsSwans_20260710,4158.873596976653,11.40138258700972,OPP Shot,67,,,,,,,,,,,Q4,GS,Inner Right,OPP Miss,,,,
SGPvsSwans_20260710,4235.275038879657,10.999643627992555,OPP Shot,68,,,,,,,,,,,Q4,GA,Inner Right,OPP Miss,,,,
SGPvsSwans_20260710,4255.372697002651,12.302962063014093,OPP Shot,69,,,,,,,,,,,Q4,GS,Inner Left,OPP Goal,,,,
SGPvsSwans_20260710,4283.5756200026535,10.996616694006661,OPP Shot,70,,,,,,,,,,,Q4,GS,Inner Right,OPP Goal,,,,
SGPvsSwans_20260710,4337.774175745662,11.30055552399699,OPP Shot,71,,,,,,,,,,,Q4,GS,Inner Middle,OPP Goal,,,,
SGPvsSwans_20260710,4352.770817378649,10.903641976010476,OPP Shot,72,,,,,,,,,,,Q4,GS,Inner Left,OPP Goal,,,,
SGPvsSwans_20260710,4426.163341176655,11.512761976989168,OPP Shot,73,,,,,,,,,,,Q4,GA,Inner Middle,OPP Goal,,,,
SGPvsSwans_20260710,4463.175905072658,10.899534918009522,OPP Shot,74,,,,,,,,,,,Q4,GA,Outer Middle,OPP Goal,,,,
SGPvsSwans_20260710,4481.774725347657,10.800711386998046,OPP Shot,75,,,,,,,,,,,Q4,GA,Outer Right,OPP Goal,,,,
SGPvsSwans_20260710,4539.57423908666,11.201234019007643,OPP Shot,76,,,,,,,,,,,Q4,GS,Inner Middle,OPP Goal,,,,
SGPvsSwans_20260710,4600.475480816655,10.797326811995845,OPP Shot,77,,,,,,,,,,,Q4,GS,Inner Left,OPP Goal,,,,
SGPvsSwans_20260710,4630.157833982648,11.216732054009299,OPP Shot,78,,,,,,,,,,,Q4,GS,Inner Left,OPP Goal,,,,
SGPvsSwans_20260710,103.07009514064539,10.0,OPP PEN,1,,,,,,,,,Obstruction,,Q1,,,,,,,
SGPvsSwans_20260710,200.267655393645,10.0,OPP PEN,2,,,,,,,,,Contact,,Q1,,,,,,,
SGPvsSwans_20260710,219.17070444965952,10.0,OPP PEN,3,,,,,,,,,Obstruction,,Q1,,,,,,,
SGPvsSwans_20260710,222.77086038564988,10.0,OPP PEN,4,,,,,,,,,Obstruction,,Q1,,,,,,,
SGPvsSwans_20260710,518.2746111111111,10.0,OPP PEN,5,,,,,,,,,Contact,,Q1,,,,,,,
SGPvsSwans_20260710,568.8689998706608,10.0,OPP PEN,6,,,,,,,,,Contact,,Q1,,,,,,,
SGPvsSwans_20260710,583.6697868156563,10.0,OPP PEN,7,,,,,,,,,Contact,,Q1,,,,,,,
SGPvsSwans_20260710,644.3704486256632,10.0,OPP PEN,8,,,,,,,,,Obstruction,,"Q1, Q1",GS,Inner Right,SGP Goal,,,,
SGPvsSwans_20260710,654.3710529376655,10.0,OPP PEN,9,,,,,,,,,Contact,,Q1,,,,,,,
SGPvsSwans_20260710,841.0711834616628,10.0,OPP PEN,10,,,,,,Circle Edge,YES,,Contact,,"Q1, Q1",,,,,,,
SGPvsSwans_20260710,949.3692356126654,10.0,OPP PEN,11,,,,,,Circle Edge,NO,,Obstruction,,"Q1, Q1",,,,,,,
SGPvsSwans_20260710,954.3683120896595,10.0,OPP PEN,12,,,,,,,,,Contact,,Q1,,,,,,,
SGPvsSwans_20260710,1280.9686374886687,10.0,OPP PEN,13,,,,,,,,,Contact,,Q2,,,,,,,
SGPvsSwans_20260710,1322.5702067296663,10.0,OPP PEN,14,,,,,,,,,Contact,,Q2,,,,,,,
SGPvsSwans_20260710,1388.6707657836614,10.0,OPP PEN,15,,,,,,,,,Contact,,Q2,,,,,,,
SGPvsSwans_20260710,1400.071079465657,10.0,OPP PEN,16,,,,,,,,,Contact,,Q2,,,,,,,
SGPvsSwans_20260710,1567.2725619026555,10.0,OPP PEN,17,,,,,,Circle Edge,YES,,Contact,,"Q2, Q2",,,,,,,
SGPvsSwans_20260710,1640.0700699756528,10.0,OPP PEN,18,,,,,,Circle Edge,YES,,Contact,,"Q2, Q2",,,,,,,
SGPvsSwans_20260710,1644.2713002156643,10.0,OPP PEN,19,,,,,,,,,Contact,,Q2,,,,,,,
SGPvsSwans_20260710,1689.2683323936576,10.0,OPP PEN,20,,,,,,,,,Contact,,Q2,,,,,,,
SGPvsSwans_20260710,1874.4714520636571,10.0,OPP PEN,21,,,,,,,,,Contact,,Q2,,,,,,,
SGPvsSwans_20260710,1875.3156222222221,10.0,OPP PEN,22,,,,,,,,,Contact,,Q2,,,,,,,
SGPvsSwans_20260710,2094.2699341356533,9.999999999999545,OPP PEN,23,,,,,,,,,Contact,,Q2,,,,,,,
SGPvsSwans_20260710,2637.970874628657,10.0,OPP PEN,24,,,,,,,,,Contact,,Q3,,,,,,,
SGPvsSwans_20260710,3315.9706828796593,10.0,OPP PEN,25,,,,,,,,,Obstruction,,Q3,,,,,,,
SGPvsSwans_20260710,3431.771411497652,10.0,OPP PEN,26,,,,,,,,,Contact,,Q3,,,,,,,
SGPvsSwans_20260710,3455.086271125647,10.0,OPP PEN,27,,,,,,,,,Contact,,Q3,,,,,,,
SGPvsSwans_20260710,3835.668631564649,10.0,OPP PEN,28,,,,,,,,,Obstruction,,"Q4, Q4",GA,Outer Left,SGP Goal,,,,
SGPvsSwans_20260710,3894.6718143256608,10.0,OPP PEN,29,,,,,,,,,Contact,,Q4,,,,,,,
SGPvsSwans_20260710,3898.6715446126477,10.0,OPP PEN,30,,,,,,,,,Contact,,Q4,,,,,,,
SGPvsSwans_20260710,3910.371174746665,10.0,OPP PEN,31,,,,,,,,,Contact,,Q4,,,,,,,
SGPvsSwans_20260710,3998.770428583649,10.0,OPP PEN,32,,,,,,,,,Contact,,Q4,,,,,,,
SGPvsSwans_20260710,4014.457611111111,10.0,OPP PEN,33,,,,,,,,,Contact,,Q4,,,,,,,
SGPvsSwans_20260710,4045.7677460616646,10.0,OPP PEN,34,,,,,,,,,Contact,,Q4,,,,,,,
SGPvsSwans_20260710,4160.4061,10.0,OPP PEN,35,,,,,,,,,Obstruction,,Q4,,,,,,,
SGPvsSwans_20260710,4191.46704945365,10.0,OPP PEN,36,,,,,,,,,Contact,,Q4,,,,,,,
SGPvsSwans_20260710,4299.56692397266,10.0,OPP PEN,37,,,,,,,,,Contact,,Q4,,,,,,,
SGPvsSwans_20260710,4374.1675445296605,10.0,OPP PEN,38,,,,,,,,,Contact,,Q4,,,,,,,
SGPvsSwans_20260710,4381.47006767467,10.0,OPP PEN,39,,,,,,,,,Contact,,Q4,,,,,,,
SGPvsSwans_20260710,4393.8725277186495,10.0,OPP PEN,40,,,,,,,,,Obstruction,,"Q4, Q4",,Outer Right,,,,,
SGPvsSwans_20260710,4551.799819109659,10.0,OPP PEN,41,,,,,,,,,Obstruction,,Q4,,,,,,,
SGPvsSwans_20260710,4569.973170950661,10.0,OPP PEN,42,,,,,,,,,Obstruction,,Q4,,,,,,,
SGPvsSwans_20260710,54.258177777777775,8.0,OPP Deflection,1,,,,,Yes,,,,,,Q1,,,,,,,
SGPvsSwans_20260710,187.79646666666667,8.0,OPP Deflection,2,,,,,No,,,,,,Q1,,,,,,,
SGPvsSwans_20260710,391.8708,8.0,OPP Deflection,3,,,,,Yes,,,,,,Q1,,,,,,,
SGPvsSwans_20260710,444.4941777777778,8.0,OPP Deflection,4,,,,,No,,,,,,Q1,,,,,,,
SGPvsSwans_20260710,450.20385555555555,8.0,OPP Deflection,5,,,,,Yes,,,,,,Q1,,,,,,,
SGPvsSwans_20260710,549.6566,8.0,OPP Deflection,6,,,,,No,,,,,,Q1,,,,,,,
SGPvsSwans_20260710,557.0992333333334,8.0,OPP Deflection,7,,,,,No,,,,,,Q1,,,,,,,
SGPvsSwans_20260710,810.4821222222222,8.0,OPP Deflection,8,,,,,No,,,,,,Q1,,,,,,,
SGPvsSwans_20260710,865.6278666666667,8.0,OPP Deflection,9,,,,,Yes,,,,,,Q1,,,,,,,
SGPvsSwans_20260710,1214.5910222222221,8.0,OPP Deflection,10,,,,,Yes,,,,,,Q2,,,,,,,
SGPvsSwans_20260710,1263.4729555555555,8.0,OPP Deflection,11,,,,,No,,,,,,Q2,,,,,,,
SGPvsSwans_20260710,1331.9890555555555,8.0,OPP Deflection,12,,,,,Yes,,,,,,Q2,,,,,,,
SGPvsSwans_20260710,1464.0638111111111,8.0,OPP Deflection,13,,,,,No,,,,,,Q2,,,,,,,
SGPvsSwans_20260710,1472.8178222222223,8.0,OPP Deflection,14,,,,,Yes,,,,,,Q2,,,,,,,
SGPvsSwans_20260710,1723.127611111111,8.0,OPP Deflection,15,,,,,Yes,,,,,,Q2,,,,,,,
SGPvsSwans_20260710,1723.2457111111112,8.0,OPP Deflection,16,,,,,Yes,,,,,,Q2,,,,,,,
SGPvsSwans_20260710,2014.4783666666667,8.0,OPP Deflection,17,,,,,No,,,,,,Q2,,,,,,,
SGPvsSwans_20260710,2994.3471555555557,8.0,OPP Deflection,18,,,,,No,,,,,,Q3,,,,,,,
SGPvsSwans_20260710,3004.021277777778,8.0,OPP Deflection,19,,,,,Yes,,,,,,Q3,,,,,,,
SGPvsSwans_20260710,3021.3026666666665,8.0,OPP Deflection,20,,,,,Yes,,,,,,Q3,,,,,,,
SGPvsSwans_20260710,3072.857911111111,8.0,OPP Deflection,21,,,,,,,,,,,Q3,,,,,,,
SGPvsSwans_20260710,3124.041977777778,8.0,OPP Deflection,22,,,,,No,,,,,,Q3,,,,,,,
SGPvsSwans_20260710,3233.004988888889,8.0,OPP Deflection,23,,,,,Yes,,,,,,Q3,,,,,,,
SGPvsSwans_20260710,3412.3892666666666,8.0,OPP Deflection,24,,,,,No,,,,,,Q3,,,,,,,
SGPvsSwans_20260710,3768.132522222222,8.0,OPP Deflection,25,,,,,No,,,,,,Q4,,,,,,,
SGPvsSwans_20260710,3783.2763777777777,8.0,OPP Deflection,26,,,,,No,,,,,,Q4,,,,,,,
SGPvsSwans_20260710,3980.7856888888887,8.0,OPP Deflection,27,,,,,No,,,,,,Q4,,,,,,,
SGPvsSwans_20260710,3986.4808444444443,8.0,OPP Deflection,28,,,,,Yes,,,,,,Q4,,,,,,,
SGPvsSwans_20260710,4183.292144444445,8.0,OPP Deflection,29,,,,,No,,,,,,Q4,,,,,,,
SGPvsSwans_20260710,4217.956167784,8.0,OPP Deflection,30,,,,,Yes,,,,,,Q4,,,,,,,
SGPvsSwans_20260710,141.27054306565225,25.097391473007434,SGP Gains,1,,,,,,,,Dropped Ball,,,Q1,,,,Defensive D,,,
SGPvsSwans_20260710,322.3697814126622,27.400384415988754,SGP Gains,2,,,,,,,,Pass Out of Bounds,,,Q1,,,,Center Left Defense,,,
SGPvsSwans_20260710,381.4665958086568,19.603692156003945,SGP Gains,3,,,,,,,,Interception,,Sindhu Nair,Q1,,,,Defensive D,,,
SGPvsSwans_20260710,401.770445897662,29.90437033698953,SGP Gains,4,,,,,,"Circle Edge, Circle Edge","YES, YES",Pass Out of Bounds,,,"Q1, Q1, Q1, Q1",GA,Inner Right,SGP Goal,Defensive D,,,
SGPvsSwans_20260710,520.4402359251984,77.93026309546383,SGP Gains,5,,,,,,"Circle Edge, Circle Edge, Circle Edge, Inside Circle","YES, NO, YES, YES",Missed Rebound,,Jamie Lim,"Q1, Q1, Q1, Q1, Q1, Q1, Q1",,,,Defensive D,,,
SGPvsSwans_20260710,613.5705380706606,22.703326529002197,SGP Gains,6,,,,,,,,Pass Out of Bounds,,,Q1,,,,Defensive Right Pocket,,,
SGPvsSwans_20260710,636.4699462526526,17.317497751005135,SGP Gains,7,,,,,,"Circle Edge, Inside Circle","YES, YES",Interception,,Rachel Ling,"Q1, Q1, Q1, Q1, Q1",GS,Inner Right,SGP Goal,Attacking Middle,,,
SGPvsSwans_20260710,693.7700545776638,24.605049520995976,SGP Gains,8,,,,,,Circle Edge,YES,Interception,,Jamie Lim,"Q1, Q1, Q1",GA,Outer Right,SGP Goal,Defensive D,,,
SGPvsSwans_20260710,828.669025746666,26.20628665398226,SGP Gains,9,,,,,,Circle Edge,YES,Interception,,Sindhu Nair,"Q1, Q1, Q1, Q1",GA,Outer Right,SGP Goal,Defensive Left Pocket,,,
SGPvsSwans_20260710,927.2700329456585,55.20535580299145,SGP Gains,10,,,,,,"Circle Edge, Circle Edge","NO, YES",Missed Rebound,,Sindhu Nair,"Q1, Q1, Q1, Q1, Q1, Q1",GS,Inner Right,SGP Miss,Defensive D,,,
SGPvsSwans_20260710,1496.1702570906518,35.30490725700588,SGP Gains,11,,,,,,Outside Circle,YES,Dropped Ball,,,"Q2, Q2, Q2",GS,Inner Middle,SGP Goal,Defensive Left Pocket,,,
SGPvsSwans_20260710,1725.104046361217,9.162145553439814,SGP Gains,12,,,,,,,,Missed Rebound,,Jamie Lim,Q2,,,,Defensive D,,,
SGPvsSwans_20260710,1777.5724193926549,39.49829247199841,SGP Gains,13,,,,,,"Circle Edge, Circle Edge","YES, NO",Interception,,Jamie Lim,"Q2, Q2, Q2, Q2",GA,Outer Right,SGP Miss,Defensive D,,,
SGPvsSwans_20260710,1891.3676670716577,15.604676162001397,SGP Gains,14,,,,,,,,Pickups,,Faithmaria Lawrence,Q2,,,,Defensive Left Pocket,,,
SGPvsSwans_20260710,2002.4656903246582,26.703627677002714,SGP Gains,15,,,,,,,,Missed Rebound,,Reena Divya,Q2,,,,Defensive D,,,
SGPvsSwans_20260710,2036.4704525406678,14.200469921997865,SGP Gains,16,,,,,,,,Contact,,,Q2,,,,Defensive D,,,
SGPvsSwans_20260710,2612.795300388,13.098739659987586,SGP Gains,17,,,,,,,,Pickups,,Rachel Ling,Q3,,,,Defensive Middle,,,
SGPvsSwans_20260710,2692.768364200649,32.303330217010625,SGP Gains,18,,,,,,,,Interception,,Reena Divya,Q3,,,,Defensive D,,,
SGPvsSwans_20260710,2784.9911333333334,8.598973082658631,SGP Gains,19,,,,,,,,Interception,,Mishalenee K,Q3,,,,Defensive D,,,
SGPvsSwans_20260710,3013.2706522556587,15.191334554002879,SGP Gains,20,,,,,,,,Stepping,,,Q3,,,,Center Left Defense,,,
SGPvsSwans_20260710,3053.6236444444444,24.93159999999989,SGP Gains,21,,,,,,,,Missed Rebound,,Reena Divya,Q3,,,,Defensive D,,,
SGPvsSwans_20260710,3240.071911831646,22.20234186701282,SGP Gains,22,,,,,,"Circle Edge, Circle Edge","YES, YES",Interception,,Mishalenee K,"Q3, Q3, Q3, Q3",GS,Inner Right,SGP Goal,Center Right Attack,,,
SGPvsSwans_20260710,3303.269498361662,29.105333265993067,SGP Gains,23,,,,,,Circle Edge,YES,Pickups,,Reena Divya,"Q3, Q3, Q3, Q3",GA,Inner Left,SGP Goal,Defensive D,,,
SGPvsSwans_20260710,3742.971846418665,57.998775812991425,SGP Gains,24,,,,,,"Circle Edge, Circle Edge","NO, NO",Interception,,Mishalenee K,"Q4, Q4, Q4",,,,Defensive D,,,
SGPvsSwans_20260710,3875.4675501046677,62.00263237697936,SGP Gains,25,,,,,,Circle Edge,YES,Interception,,Mishalenee K,"Q4, Q4, Q4, Q4, Q4, Q4",GA,Inner Right,SGP Miss,Defensive Right,,,
SGPvsSwans_20260710,3991.2702426566566,28.404534295998474,SGP Gains,26,,,,,,,,Pass Out of Bounds,,,"Q4, Q4",,,,Defensive D,,,
SGPvsSwans_20260710,4017.570259042647,48.30015219900952,SGP Gains,27,,,,,,"Outside Circle, Circle Edge","YES, NO",Contact,,,"Q4, Q4, Q4, Q4",,,,Defensive D,,,
SGPvsSwans_20260710,4071.374744739655,19.294467215000623,SGP Gains,28,,,,,,,,Pickups,,Tan Yi Jie,Q4,,,,Defensive Middle,,,
SGPvsSwans_20260710,4103.866608208659,30.002326939996237,SGP Gains,29,,,,,,,,Dropped Ball,,,Q4,,,,Defensive Right,,,
SGPvsSwans_20260710,4165.269919496666,43.80545692198211,SGP Gains,30,,,,,,"Circle Edge, Circle Edge, Circle Edge","YES, NO, YES",Missed Rebound,,Mishalenee K,"Q4, Q4, Q4, Q4, Q4, Q4",GA,Inner Left,SGP Goal,Defensive D,,,
SGPvsSwans_20260710,56.77467597665771,27.999816098998785,SGP Turnovers,1,,,,,,"Circle Edge, Inside Circle","YES, YES",Interception,,Rachel Ling,"Q1, Q1, Q1, Q1, Q1",GS,Inner Right,OPP Goal,Center Right Attack,,,
SGPvsSwans_20260710,159.36793453865968,29.906909582997315,SGP Turnovers,2,,,,,,"Circle Edge, Inside Circle","YES, YES",Stepping,,Anna Maccines,"Q1, Q1, Q1, Q1",GS,Inner Left,OPP Goal,Attacking Right Pocket,,,
SGPvsSwans_20260710,249.5940720016585,36.67989397700484,SGP Turnovers,3,,,,,,Circle Edge,YES,Interception,,Rachel Ling,"Q1, Q1, Q1, Q1",GA,Inner Middle,OPP Goal,Center Right Attack,,,
SGPvsSwans_20260710,303.7740335556529,25.595747857009258,SGP Turnovers,4,,,,,,,,Pass Out of Bounds,,Toh Kai Wei,"Q1, Q1",,,,Attacking D,,,
SGPvsSwans_20260710,342.77016582865093,27.80432641099503,SGP Turnovers,5,,,,,,Outside Circle,YES,Interception,,Faithmaria Lawrence,"Q1, Q1, Q1",GS,Inner Middle,OPP Goal,Center Mid Attack,,,
SGPvsSwans_20260710,394.07028796466074,14.700157933001265,SGP Turnovers,6,,,,,,Circle Edge,NO,Interception,,Toh Kai Wei,"Q1, Q1",,,,Center Mid Attack,,,
SGPvsSwans_20260710,453.06822357265764,36.307106409005826,SGP Turnovers,7,,,,,,"Circle Edge, Circle Edge","NO, YES",Missed Rebound,,Toh Kai Wei,"Q1, Q1, Q1, Q1, Q1",GS,Inner Left,OPP Goal,Attacking Left Pocket,,,
SGPvsSwans_20260710,591.3704990206622,29.200039049998395,SGP Turnovers,8,,,,,,"Outside Circle, Circle Edge, Circle Edge","YES, YES, NO",Held,,Goh Wei Ping,"Q1, Q1, Q1, Q1",,,,Attacking D,,,
SGPvsSwans_20260710,629.2738645996628,14.196081652989733,SGP Turnovers,9,,,,,,,,Dropped Ball,,Faithmaria Lawrence,Q1,,,,Attacking Left,,,
SGPvsSwans_20260710,670.8687910736664,29.90126350399737,SGP Turnovers,10,,,,,,"Outside Circle, Circle Edge","YES, NO",Contact,,Toh Kai Wei,"Q1, Q1, Q1",,,,Attacking D,,,
SGPvsSwans_20260710,754.0708785656512,34.103284056005236,SGP Turnovers,11,,,,,,Outside Circle,YES,Interception,,Anna Macinnes,"Q1, Q1, Q1, Q1, Q1",GA,Inner Right,OPP Goal,Attacking D,,,
SGPvsSwans_20260710,815.9700280216592,19.698997725006734,SGP Turnovers,12,,,,,,Circle Edge,NO,Held,,Toh Kai Wei,"Q1, Q1",,,,Attacking D,,,
SGPvsSwans_20260710,870.850866588669,16.925601632993448,SGP Turnovers,13,,,,,,Circle Edge,YES,Interception,,Rachel Ling,"Q1, Q1, Q1",GS,Inner Left,OPP Goal,Center Right Defense,,,
SGPvsSwans_20260710,1214.6687204536554,28.60657163500582,SGP Turnovers,14,,,,,,"Circle Edge, Circle Edge","YES, YES",Interception,,Toh Kai Wei,"Q2, Q2, Q2, Q2",GS,Inner Middle,OPP Goal,Attacking Middle,,,
SGPvsSwans_20260710,1331.8722057996547,24.4034782750025,SGP Turnovers,15,,,,,,Circle Edge,YES,Interception,,Toh Kai Wei,"Q2, Q2, Q2",GS,Inner Right,OPP Goal,Attacking Right,,,
SGPvsSwans_20260710,1409.170880112666,35.99935205498605,SGP Turnovers,16,,,,,,Circle Edge,YES,Pass Out of Bounds,,Toh Kai Wei,"Q2, Q2, Q2, Q2, Q2",GS,Inner Right,OPP Goal,Attacking D,,,
SGPvsSwans_20260710,1476.670021580656,26.50023550999572,SGP Turnovers,17,,,,,,,,Interception,,Rachel Ling,"Q2, Q2",,,,Attacking D,,,
SGPvsSwans_20260710,1574.3708249176525,32.30076017401257,SGP Turnovers,18,,,,,,Circle Edge,YES,Missed Rebound,,Toh Kai Wei,"Q2, Q2, Q2, Q2","GA, GA","Inner Left, Inner Left","OPP Miss, OPP Goal",Attacking D,,,
SGPvsSwans_20260710,1727.266191914657,15.509178519996112,SGP Turnovers,19,,,,,,,,Interception,,Jamie Lim,"Q2, Q2",GS,Inner Middle,OPP Goal,Defensive D,,,
SGPvsSwans_20260710,1747.0698533806512,37.502566012003626,SGP Turnovers,20,,,,,,"Circle Edge, Circle Edge, Inside Circle","YES, YES, NO",Interception,,Goh Wei Ping,"Q2, Q2, Q2, Q2, Q2, Q2",,,,Attacking Right,,,
SGPvsSwans_20260710,1810.0707118646533,28.604450360003284,SGP Turnovers,21,,,,,,Circle Edge,YES,Interception,,Toh Kai Wei,"Q2, Q2, Q2, Q2, Q2","GA, GS","Inner Left, Inner Left","OPP Miss, OPP Goal",Attacking D,,,
SGPvsSwans_20260710,1899.972343233659,45.70190039000181,SGP Turnovers,22,,,,,,Circle Edge,YES,Pass Out of Bounds,,Reena Divya,"Q2, Q2, Q2, Q2",GS,Inner Right,OPP Goal,Center Left Attack,,,
SGPvsSwans_20260710,2022.169318001661,21.301134539006853,SGP Turnovers,23,,,,,,Circle Edge,YES,Repossession,,Tan Yi Jie,"Q2, Q2",,,,Attacking Left,,,
SGPvsSwans_20260710,2043.6709224626659,24.804166800993016,SGP Turnovers,24,,,,,,Outside Circle,YES,Dropped Ball,,Anna Macinnes,"Q2, Q2, Q2",GS,Inner Left,OPP Goal,Attacking Left Pocket,,,
SGPvsSwans_20260710,2141.8702610626565,21.20377916900452,SGP Turnovers,25,,,,,,Circle Edge,YES,Interception,,Tan Yi Jie,"Q2, Q2, Q2",GS,Outer Left,OPP Miss,Center Mid Defense,,,
SGPvsSwans_20260710,2618.894040047988,16.903037729789958,SGP Turnovers,26,,,,,,Circle Edge,YES,Dropped Ball,,Anna Macinnes,"Q3, Q3, Q3",GS,Inner Left,OPP Goal,Center Left Attack,,,
SGPvsSwans_20260710,2665.7708759766538,23.003974626003583,SGP Turnovers,27,,,,,,Outside Circle,YES,Held,,Anna Macinnes,"Q3, Q3, Q3",GS,Inner Left,OPP Goal,Attacking Left Pocket,,,
SGPvsSwans_20260710,2718.0716944176597,24.102962562998073,SGP Turnovers,28,,,,,,Circle Edge,YES,Interception,,Mishalenee K,"Q3, Q3, Q3",GS,Inner Left,OPP Goal,Center Right Attack,,,
SGPvsSwans_20260710,2768.1749886726625,23.900719514246703,SGP Turnovers,29,,,,,,,,Missed Rebound,,Charlotte Lee,"Q3, Q3, Q3",GA,Inner Right,OPP Goal,Attacking D,,,
SGPvsSwans_20260710,2786.590106415992,9.387082472896964,SGP Turnovers,30,,,,,,Circle Edge,NO,Interception,,Mishalenee K,"Q3, Q3",,,,Defensive D,,,
SGPvsSwans_20260710,2817.0707843696555,46.60415912299595,SGP Turnovers,31,,,,,,"Outside Circle, Circle Edge, Circle Edge, Circle Edge, Circle Edge","YES, NO, NO, YES, YES",Interception,,Tan Yi Jie,"Q3, Q3, Q3, Q3, Q3, Q3, Q3, Q3","GS, GS","Inner Middle, Inner Left","OPP Miss, OPP Goal",Center Right Defense,,,
SGPvsSwans_20260710,2889.1701600156607,33.01052128299034,SGP Turnovers,32,,,,,,"Circle Edge, Circle Edge","NO, YES",Interception,,Anna Macinnes,"Q3, Q3, Q3, Q3, Q3",GS,Inner Middle,OPP Goal,Attacking D,,,
SGPvsSwans_20260710,3005.5706275786615,14.700024676997145,SGP Turnovers,33,,,,,,,,Interception,,Tan Yi Jie,"Q3, Q3",,,,Attacking Middle,,,
SGPvsSwans_20260710,3021.4619868096615,20.313019636994795,SGP Turnovers,34,,,,,,Outside Circle,YES,Interception,,Tan Yi Jie,"Q3, Q3, Q3",GS,Inner Left,OPP Goal,Attacking Middle,,,
SGPvsSwans_20260710,3071.5552444444443,36.74296072654943,SGP Turnovers,35,,,,,,"Circle Edge, Circle Edge","YES, YES",Interception,,Tan Yi Jie,"Q3, Q3, Q3, Q3, Q3, Q3, Q3","GA, GS","Inner Left, Inner Middle","OPP Miss, OPP Goal",Center Left Attack,,,
SGPvsSwans_20260710,3151.370222860657,23.70470467600944,SGP Turnovers,36,,,,,,Circle Edge,YES,Missed Rebound,,Charlotte Lee,"Q3, Q3, Q3, Q3",GS,Inner Middle,OPP Goal,Attacking D,,,
SGPvsSwans_20260710,3233.8704254916515,13.201486339994517,SGP Turnovers,37,,,,,,,,Contact,,Goh Wei Ping,Q3,,,,Attacking D,,,
SGPvsSwans_20260710,3346.9698670706516,33.90527501399902,SGP Turnovers,38,,,,,,"Outside Circle, Circle Edge","YES, YES",Shot Out of Bounds,,Charlotte Lee,"Q3, Q3, Q3, Q3, Q3",GS,Inner Left,OPP Goal,Attacking D,,,
SGPvsSwans_20260710,3793.9706222316563,25.504950278011165,SGP Turnovers,39,,,,,,Circle Edge,YES,Interception,,Tan Yi Jie,"Q4, Q4, Q4",GS,Inner Middle,OPP Goal,Attacking D,,,
SGPvsSwans_20260710,3870.870297605648,11.59725249901976,SGP Turnovers,40,,,,,,,,Stepping,,Goh Wei Ping,Q4,,,,Center Left Attack,,,
SGPvsSwans_20260710,3930.470182481647,27.50549153601014,SGP Turnovers,41,,,,,,"Circle Edge, Inside Circle","YES, YES",Missed Rebound,,Sara Lightfoot,"Q4, Q4, Q4, Q4, Q4",GS,Inner Right,OPP Goal,Attacking D,,,
SGPvsSwans_20260710,3986.569435151664,11.700807504992554,SGP Turnovers,42,,,,,,,,Interception,,Goh Wei Ping,Q4,,,,Center Mid Defense,,,
SGPvsSwans_20260710,4012.674776952655,11.895482089992129,SGP Turnovers,43,,,,,,,,Interception,,Mishalenee K,Q4,,,,Center Mid Defense,,,
SGPvsSwans_20260710,4058.8704112416567,19.504333497998232,SGP Turnovers,44,,,,,,,,Dropped Ball,,Charlotte Lee,Q4,,,,Attacking D,,,
SGPvsSwans_20260710,4081.465092449225,29.40151575943446,SGP Turnovers,45,,,,,,,,Pass Out of Bounds,,Goh Wei Ping,Q4,,,,Attacking Right Pocket,,,
SGPvsSwans_20260710,4126.8689351486555,23.302891899001224,SGP Turnovers,46,,,,,,Circle Edge,YES,Interception,,Tan Yi Jie,"Q4, Q4, Q4",GS,Inner Left,OPP Goal,Attacking Middle,,,
SGPvsSwans_20260710,4219.669409446667,48.00624961899848,SGP Turnovers,47,,,,,,"Circle Edge, Circle Edge","YES, YES",Interception,,Goh Wei Ping,"Q4, Q4, Q4, Q4, Q4, Q4, Q4, Q4","GA, GS","Inner Right, Inner Left","OPP Miss, OPP Goal",Attacking Left Pocket,,,
SGPvsSwans_20260710,4314.472236360666,34.60249490899332,SGP Turnovers,48,,,,,,"Outside Circle, Circle Edge","YES, YES",,,,"Q4, Q4, Q4, Q4, Q4",GS,Inner Right,OPP Goal,,,,
SGPvsSwans_20260710,4449.669573443662,24.405866547005644,SGP Turnovers,49,,,,,,Circle Edge,YES,Repossession,,Goh Wei Ping,"Q4, Q4, Q4, Q4",GA,Inner Right,OPP Goal,Center Right Attack,,,
SGPvsSwans_20260710,4578.869544552666,32.403263075984796,SGP Turnovers,50,,,,,,"Circle Edge, Inside Circle","YES, YES",Missed Rebound,,Charlotte Lee,"Q4, Q4, Q4, Q4, Q4",GS,Inner Left,OPP Goal,Attacking D,,,
SGPvsSwans_20260710,992.4197505668934,1.0,FINISH QUARTER,1,,,,,,,,,,,Q1,,,,,,,
SGPvsSwans_20260710,2171.018722222222,1.0,FINISH QUARTER,2,,,,,,,,,,,Q2,,,,,,,
SGPvsSwans_20260710,3491.0626757369614,1.0,FINISH QUARTER,3,,,,,,,,,,,Q3,,,,,,,
SGPvsSwans_20260710,3453.0025444444445,6.0,SGP Att Rebound,1,,,,,,,,,,Goh Wei Ping,Q3,,,,,,,