Timeline,Start time,Duration,Row,Instance number,1st Phase Pass,1st Phase Receiver,2nd Phase Pass,2nd Phase Receiver,Deflection Success,Feed Location,Feed Success,Gains / Turnover Reason,Penalty Reason,Player,Quarter,Shooter Position,Shot Location,Shot Outcome,Turnover Location,Ungrouped,Notes,Flags
SGPvsFIJ_20260708,34.37832508,51.89913503,SGP CPA,1,Center Right Attack,GA,Center Right Attack,WA,,Circle Edge,YES,,,,"Q1, Q1, Q1, Q1, Q1, Q1",GA,Inner Middle,OPP Goal,,,,
SGPvsFIJ_20260708,134.3726642,23.71226264,SGP CPA,2,Center Mid Attack,WA,Center Mid Attack,GA,,"Circle Edge, Circle Edge","YES, YES",,,,"Q1, Q1, Q1, Q1, Q1, Q1, Q1",GA,Inner Middle,SGP Goal,,,,
SGPvsFIJ_20260708,181.3745443,17.8041564,SGP CPA,3,Center Left Attack,GA,Center Mid Attack,GD,,Circle Edge,YES,,,,"Q1, Q1, Q1",GA,Outer Middle,SGP Goal,,,,
SGPvsFIJ_20260708,226.9757421,19.30314393,SGP CPA,4,Center Left Attack,WA,Attacking Left,GA,,"Outside Circle, Circle Edge","YES, YES",,,,"Q1, Q1, Q1, Q1, Q1",GS,Inner Left,SGP Goal,,,,
SGPvsFIJ_20260708,266.2727132,28.4079139,SGP CPA,5,Center Left Attack,WA,Attacking Left Pocket,GS,,"Circle Edge, Circle Edge","NO, YES",,,,"Q1, Q1, Q1, Q1, Q1",GS,Inner Right,OPP Goal,,,,
SGPvsFIJ_20260708,373.3726532,96.90655439,SGP CPA,6,Center Right Attack,GA,,Not Taken,,"Outside Circle, Circle Edge, Circle Edge","NO, NO, NO",,,,"Q1, Q1, Q1, Q1, Q1, Q1, Q1, Q1, Q1, Q1, Q1",GA,Outer Right,SGP Goal,,,,
SGPvsFIJ_20260708,564.0789268,21.39935949,SGP CPA,7,Center Left Attack,GA,Attacking Left,WA,,Outside Circle,YES,,,,"Q1, Q1, Q1",GS,Inner Left,SGP Goal,,,,
SGPvsFIJ_20260708,614.2753472,49.9038289,SGP CPA,8,Center Mid Defense,GD,Center Left Attack,C,,"Outside Circle, Circle Edge, Circle Edge","YES, YES, YES",,,,"Q1, Q1, Q1, Q1, Q1, Q1, Q1, Q1, Q1",GA,Inner Right,OPP Goal,,,,
SGPvsFIJ_20260708,710.8749525,13.60473858,SGP CPA,9,Center Mid Attack,WA,Attacking Left Pocket,GS,,Circle Edge,YES,,,,"Q1, Q1, Q1, Q1",GA,Outer Left,SGP Goal,,,,
SGPvsFIJ_20260708,764.7924667,57.19862222,SGP CPA,10,Center Left Attack,GA,Attacking Middle,WA,,"Circle Edge, Outside Circle, Circle Edge","YES, YES, YES",Contact,,,"Q1, Q1, Q1, Q1, Q1, Q1, Q1, Q1, Q1, Q1, Q1, Q1","GA, GA","Inner Left, Outer Middle","OPP Miss, SGP Goal",Attacking D,,,
SGPvsFIJ_20260708,910.4748785,35.40408437,SGP CPA,11,Center Left Attack,WA,Center Left Attack,GA,,"Outside Circle, Circle Edge","YES, YES",,,,"Q1, Q1, Q1, Q1, Q1, Q1",GA,Inner Left,SGP Miss,,,,
SGPvsFIJ_20260708,1201.972481,22.60655171,SGP CPA,12,Center Right Defense,GD,Center Right Attack,C,,Circle Edge,YES,,,,"Q2, Q2, Q2, Q2, Q2",GS,Inner Right,SGP Goal,,,,
SGPvsFIJ_20260708,1394.374316,69.60362353,SGP CPA,13,Center Right Attack,GA,Attacking Right,C,,"Circle Edge, Circle Edge, Circle Edge, Circle Edge, Circle Edge, Circle Edge","YES, YES, YES, NO, YES, YES",,,,"Q2, Q2, Q2, Q2, Q2, Q2, Q2, Q2, Q2, Q2, Q2, Q2, Q2, Q2","GS, GA","Inner Left, Inner Left","SGP Miss, Goal",,,,
SGPvsFIJ_20260708,1494.675235,39.18463283,SGP CPA,14,Center Right Attack,GA,Center Mid Attack,WA,,"Circle Edge, Outside Circle, Circle Edge, Circle Edge","NO, YES, YES, YES",,,,"Q2, Q2, Q2, Q2, Q2, Q2, Q2, Q2, Q2",GA,Inner Left,OPP Goal,,,,
SGPvsFIJ_20260708,1561.076803,37.90256039,SGP CPA,15,Center Mid Attack,WA,,Not Taken,,Circle Edge,YES,,,,"Q2, Q2, Q2, Q2, Q2, Q2",GA,Inner Right,SGP Goal,,,,
SGPvsFIJ_20260708,1634.674658,25.20563391,SGP CPA,16,Center Mid Attack,WA,,Not Taken,,"Circle Edge, Circle Edge","YES, YES",,,,"Q2, Q2, Q2, Q2, Q2, Q2",GS,Outer Left,SGP Goal,,,,
SGPvsFIJ_20260708,1681.072528,16.70626468,SGP CPA,17,Center Right Attack,GA,Attacking Right,C,,Outside Circle,YES,,,,"Q2, Q2, Q2",GA,Outer Left,SGP Goal,,,,
SGPvsFIJ_20260708,1726.275054,25.30400315,SGP CPA,18,Center Mid Attack,WA,Attacking Left,GA,,Circle Edge,YES,,,,"Q2, Q2, Q2, Q2",GA,Inner Left,SGP Goal,,,,
SGPvsFIJ_20260708,1830.47438,13.40380825,SGP CPA,19,Center Right Attack,GA,Attacking Middle,C,,"Outside Circle, Circle Edge","YES, YES",,,,"Q2, Q2, Q2, Q2",GS,Inner Left,SGP Goal,,,,
SGPvsFIJ_20260708,1874.477883,10.70146277,SGP CPA,20,Center Left Attack,WA,Attacking Left Pocket,GS,,Outside Circle,YES,,,,"Q2, Q2, Q2",GA,Inner Left,SGP Goal,,,,
SGPvsFIJ_20260708,1928.972811,18.7051083,SGP CPA,21,Center Left Attack,GA,Center Left Attack,C,,"Outside Circle, Circle Edge","YES, YES",,,,"Q2, Q2, Q2, Q2, Q2",GS,Inner Left,SGP Goal,,,,
SGPvsFIJ_20260708,1972.073012,26.20510738,SGP CPA,22,Center Right Attack,WA,Attacking D,GS,,"Outside Circle, Circle Edge","YES, YES",,,,"Q2, Q2, Q2, Q2, Q2, Q2, Q2","GA, GS","Outer Right, Inner Middle","SGP Miss, SGP Goal",,,,
SGPvsFIJ_20260708,2052.473862,22.40489517,SGP CPA,23,Center Left Attack,WD,Attacking Left Pocket,WA,,"Circle Edge, Circle Edge","YES, YES",,,,"Q2, Q2, Q2, Q2, Q2",GA,Outer Right,SGP Goal,,,,
SGPvsFIJ_20260708,2102.266049,25.81022027,SGP CPA,24,Center Left Attack,GA,Attacking Middle,C,,Circle Edge,YES,,,,"Q2, Q2, Q2, Q2",GA,Outer Middle,SGP Goal,,,,
SGPvsFIJ_20260708,2627.096005,27.57976694,SGP CPA,25,Center Right Attack,WA,Attacking Right,GS,,"Circle Edge, Circle Edge","YES, YES",,,,"Q3, Q3, Q3, Q3, Q3",GA,Outer Left,SGP Goal,,,,
SGPvsFIJ_20260708,2694.975309,19.00328014,SGP CPA,26,Center Mid Attack,GA,Attacking Middle,GS,,Circle Edge,YES,,,,"Q3, Q3, Q3, Q3",GA,Outer Left,SGP Goal,,,,
SGPvsFIJ_20260708,2796.075386,37.00458192,SGP CPA,27,Center Left Attack,WA,Attacking D,GA,,"Outside Circle, Circle Edge","YES, YES",,,,"Q3, Q3, Q3, Q3, Q3, Q3, Q3","GA, GA","Outer Left, Inner Middle","SGP Miss, OPP Goal",,,,
SGPvsFIJ_20260708,2849.129434,41.34666656,SGP CPA,28,Center Left Attack,GA,Attacking Left,WA,,"Circle Edge, Circle Edge","YES, YES",,,,"Q3, Q3, Q3, Q3, Q3, Q3, Q3",GS,Inner Middle,SGP Goal,,,,
SGPvsFIJ_20260708,2915.053878,100.0549556,SGP CPA,29,Center Left Attack,GA,Center Left Attack,C,,"Circle Edge, Inside Circle, Circle Edge, Circle Edge","YES, NO, NO, YES",,,,"Q3, Q3, Q3, Q3, Q3, Q3, Q3, Q3, Q3, Q3, Q3, Q3, Q3, Q3, Q3",GS,Inner Right,OPP Goal,,,,
SGPvsFIJ_20260708,3047.178715,34.20036992,SGP CPA,30,,Not Taken,,,,"Outside Circle, Circle Edge, Inside Circle","NO, YES, YES",,,,"Q3, Q3, Q3, Q3, Q3, Q3, Q3",GS,Inner Left,SGP Goal,,,,
SGPvsFIJ_20260708,3140.874698,12.90430831,SGP CPA,31,Center Mid Attack,GA,Attacking Left Pocket,WA,,"Circle Edge, Circle Edge","YES, YES",,,,"Q3, Q3, Q3, Q3",GS,Inner Left,SGP Goal,,,,
SGPvsFIJ_20260708,3175.775276,28.10240948,SGP CPA,32,Center Mid Attack,GA,Attacking Right,WA,,"Circle Edge, Inside Circle","YES, YES",,,,"Q3, Q3, Q3, Q3, Q3, Q3","GA, GS","Outer Right, Inner Left","SGP Miss, SGP Goal",,,,
SGPvsFIJ_20260708,3220.094089,15.09806691,SGP CPA,33,Center Right Attack,WA,Attacking Middle,C,,Circle Edge,YES,,,,"Q3, Q3, Q3, Q3",GA,Inner Middle,SGP Goal,,,,
SGPvsFIJ_20260708,3284.074842,20.30333062,SGP CPA,34,Center Right Attack,WA,Attacking Middle,C,,Circle Edge,NO,,,,"Q3, Q3, Q3",GA,Inner Right,SGP Goal,,,,
SGPvsFIJ_20260708,3334.073089,14.70492216,SGP CPA,35,Center Left Attack,WA,Attacking D,GA,,Outside Circle,YES,,,,"Q3, Q3, Q3, Q3","GA, GS","Outer Left, Inner Right","SGP Miss, SGP Goal",,,,
SGPvsFIJ_20260708,3389.173023,77.10572322,SGP CPA,36,Center Left Defense,WD,Center Left Attack,C,,"Circle Edge, Outside Circle, Circle Edge, Circle Edge","YES, NO, YES, YES",,,,"Q3, Q3, Q3, Q3, Q3, Q3, Q3, Q3, Q3, Q3, Q3, Q3, Q3","GA, GS","Inner Right, Outer Left","SGP Miss, SGP Goal",,,,
SGPvsFIJ_20260708,3523.174444,35.22787778,SGP CPA,37,Center Mid Attack,GA,Attacking Left,C,,"Outside Circle, Circle Edge, Inside Circle","YES, YES, YES",,,,"Q3, Q3, Q3, Q3, Q3, Q3, Q3",GS,Inner Middle,SGP Miss,,,,
SGPvsFIJ_20260708,3837.474455,39.30495044,SGP CPA,38,,Not Taken,,,,"Circle Edge, Outside Circle, Inside Circle","YES, YES, YES",,,,"Q4, Q4, Q4, Q4, Q4, Q4, Q4, Q4, Q4, Q4","GA, GS","Inner Right, Inner Middle","SGP Miss, OPP Goal",,,,
SGPvsFIJ_20260708,3902.271762,24.10703308,SGP CPA,39,Center Mid Attack,WA,Attacking D,GS,,"Outside Circle, Circle Edge","YES, YES",,,,"Q4, Q4, Q4, Q4, Q4, Q4",GA,Inner Left,SGP Goal,,,,
SGPvsFIJ_20260708,3974.773565,23.80618074,SGP CPA,40,Center Right Attack,WA,Attacking Right,C,,Circle Edge,YES,,,,"Q4, Q4, Q4, Q4, Q4",GS,Inner Left,SGP Goal,,,,
SGPvsFIJ_20260708,4015.075222,30.30511956,SGP CPA,41,Center Right Attack,GA,Center Right Attack,WD,,"Circle Edge, Outside Circle","NO, YES",,,,"Q4, Q4, Q4, Q4, Q4",GS,Inner Middle,OPP Goal,,,,
SGPvsFIJ_20260708,4096.272745,35.1035148,SGP CPA,42,Center Left Attack,GA,Attacking Left,WA,,"Outside Circle, Circle Edge","YES, YES",,,,"Q4, Q4, Q4, Q4, Q4, Q4, Q4","GS, GS","Inner Right, Inner Right","SGP Miss, SGP Goal",,,,
SGPvsFIJ_20260708,4191.576657,28.78744494,SGP CPA,43,Center Right Attack,WA,Attacking Middle,C,,,,,,,"Q4, Q4, Q4, Q4, Q4",GS,Outer Right,SGP Goal,,,,
SGPvsFIJ_20260708,4235.688848,20.98926264,SGP CPA,44,Center Left Attack,WA,Attacking Middle,C,,Circle Edge,YES,,,,"Q4, Q4, Q4, Q4",GS,Inner Right,SGP Goal,,,,
SGPvsFIJ_20260708,4324.07063,46.70478575,SGP CPA,45,Center Left Attack,WA,Center Mid Attack,C,,"Outside Circle, Circle Edge, Circle Edge","YES, YES, YES",,,,"Q4, Q4, Q4, Q4, Q4, Q4, Q4, Q4, Q4","GS, GS","Outer Right, Inner Left","SGP Miss, OPP Goal",,,,
SGPvsFIJ_20260708,4428.773777,41.60534023,SGP CPA,46,,Not Taken,,,,Outside Circle,YES,,,,"Q4, Q4, Q4, Q4, Q4",GS,Inner Right,SGP Goal,,,,
SGPvsFIJ_20260708,4500.27921,24.79965826,SGP CPA,47,Center Right Attack,WA,Attacking Right,GA,,Circle Edge,YES,,,,"Q4, Q4, Q4, Q4",GS,Inner Right,SGP Goal,,,,
SGPvsFIJ_20260708,4548.720996,50.9566944,SGP CPA,48,Center Right Attack,WA,Center Mid Attack,C,,"Circle Edge, Circle Edge, Inside Circle","YES, YES, YES",,,,"Q4, Q4, Q4, Q4, Q4, Q4, Q4, Q4","GS, GA","Inner Left, Inner Middle","SGP Miss, OPP Goal",,,,
SGPvsFIJ_20260708,4628.975427,14.40516915,SGP CPA,49,Center Mid Attack,WA,Attacking Left Pocket,GA,,"Circle Edge, Circle Edge","YES, YES",,,,"Q4, Q4, Q4, Q4",GA,Inner Left,SGP Goal,,,,
SGPvsFIJ_20260708,4687.272508,13.70598089,SGP CPA,50,Center Mid Attack,WA,Attacking Right Pocket,GA,,Circle Edge,YES,,,,"Q4, Q4, Q4, Q4",GA,Inner Right,SGP Goal,,,,
SGPvsFIJ_20260708,4719.674497,76.58924957,SGP CPA,51,Center Right Attack,WA,Center Mid Attack,C,,"Circle Edge, Inside Circle","YES, YES",,,,"Q4, Q4, Q4, Q4, Q4, Q4, Q4, Q4, Q4","GA, GA","Inner Right, Inner Right","OPP Miss, OPP Goal",,,,
SGPvsFIJ_20260708,34.37832508,20.59705762,SGP DCPA,1,,,,,,,,,,,Q1,,,,,,,
SGPvsFIJ_20260708,134.3726642,23.71226264,SGP DCPA,2,,,,,,"Circle Edge, Circle Edge","YES, YES",,,,"Q1, Q1, Q1, Q1, Q1, Q1, Q1",GA,Inner Middle,SGP Goal,,,,
SGPvsFIJ_20260708,181.3745443,17.8041564,SGP DCPA,3,,,,,,Circle Edge,YES,,,,"Q1, Q1, Q1",GA,Outer Middle,SGP Goal,,,,
SGPvsFIJ_20260708,226.9757421,19.30314393,SGP DCPA,4,,,,,,"Outside Circle, Circle Edge","YES, YES",,,,"Q1, Q1, Q1, Q1, Q1",GS,Inner Left,SGP Goal,,,,
SGPvsFIJ_20260708,266.2727132,10.40309695,SGP DCPA,5,,,,,,Circle Edge,NO,,,,"Q1, Q1",,,,,,,
SGPvsFIJ_20260708,373.3726532,9.905723251,SGP DCPA,6,,,,,,Outside Circle,NO,,,,"Q1, Q1",,,,,,,
SGPvsFIJ_20260708,564.0789268,21.39935949,SGP DCPA,7,,,,,,Outside Circle,YES,,,,"Q1, Q1, Q1",GS,Inner Left,SGP Goal,,,,
SGPvsFIJ_20260708,614.2753472,18.40009433,SGP DCPA,8,,,,,,Outside Circle,YES,,,,"Q1, Q1",,,,,,,
SGPvsFIJ_20260708,710.8749525,13.60473858,SGP DCPA,9,,,,,,Circle Edge,YES,,,,"Q1, Q1, Q1, Q1",GA,Outer Left,SGP Goal,,,,
SGPvsFIJ_20260708,764.7924667,16.98767778,SGP DCPA,10,Center Left Attack,GA,Attacking Middle,WA,,Circle Edge,YES,,,,"Q1, Q1, Q1, Q1",,,,,,,
SGPvsFIJ_20260708,910.4748785,19.40194705,SGP DCPA,11,,,,,,"Outside Circle, Circle Edge","YES, YES",,,,"Q1, Q1, Q1, Q1, Q1",GA,Inner Left,SGP Miss,,,,
SGPvsFIJ_20260708,1201.972481,22.60655171,SGP DCPA,12,,,,,,Circle Edge,YES,,,,"Q2, Q2, Q2, Q2, Q2",GS,Inner Right,SGP Goal,,,,
SGPvsFIJ_20260708,1394.374316,37.10038521,SGP DCPA,13,,,,,,"Circle Edge, Circle Edge, Circle Edge, Circle Edge","YES, YES, YES, NO",,,,"Q2, Q2, Q2, Q2, Q2, Q2, Q2",GS,Inner Left,SGP Miss,,,,
SGPvsFIJ_20260708,1494.675235,10.80317465,SGP DCPA,14,,,,,,Circle Edge,NO,,,,"Q2, Q2",,,,,,,
SGPvsFIJ_20260708,1561.076803,37.90256039,SGP DCPA,15,,,,,,Circle Edge,YES,,,,"Q2, Q2, Q2, Q2, Q2, Q2",GA,Inner Right,SGP Goal,,,,
SGPvsFIJ_20260708,1634.674658,25.20563391,SGP DCPA,16,,,,,,"Circle Edge, Circle Edge","YES, YES",,,,"Q2, Q2, Q2, Q2, Q2, Q2",GS,Outer Left,SGP Goal,,,,
SGPvsFIJ_20260708,1681.072528,16.70626468,SGP DCPA,17,,,,,,Outside Circle,YES,,,,"Q2, Q2, Q2",GA,Outer Left,SGP Goal,,,,
SGPvsFIJ_20260708,1726.275054,25.30400315,SGP DCPA,18,,,,,,Circle Edge,YES,,,,"Q2, Q2, Q2, Q2",GA,Inner Left,SGP Goal,,,,
SGPvsFIJ_20260708,1830.47438,13.40380825,SGP DCPA,19,,,,,,"Outside Circle, Circle Edge","YES, YES",,,,"Q2, Q2, Q2, Q2",GS,Inner Left,SGP Goal,,,,
SGPvsFIJ_20260708,1874.477883,10.70146277,SGP DCPA,20,,,,,,Outside Circle,YES,,,,"Q2, Q2, Q2",GA,Inner Left,SGP Goal,,,,
SGPvsFIJ_20260708,1928.972811,18.7051083,SGP DCPA,21,,,,,,"Outside Circle, Circle Edge","YES, YES",,,,"Q2, Q2, Q2, Q2, Q2",GS,Inner Left,SGP Goal,,,,
SGPvsFIJ_20260708,1972.073012,26.20510738,SGP DCPA,22,,,,,,"Outside Circle, Circle Edge","YES, YES",,,,"Q2, Q2, Q2, Q2, Q2, Q2, Q2","GA, GS","Outer Right, Inner Middle","SGP Miss, SGP Goal",,,,
SGPvsFIJ_20260708,2052.473862,22.40489517,SGP DCPA,23,,,,,,"Circle Edge, Circle Edge","YES, YES",,,,"Q2, Q2, Q2, Q2, Q2",GA,Outer Right,SGP Goal,,,,
SGPvsFIJ_20260708,2102.266049,25.81022027,SGP DCPA,24,,,,,,Circle Edge,YES,,,,"Q2, Q2, Q2, Q2",GA,Outer Middle,SGP Goal,,,,
SGPvsFIJ_20260708,2628.975719,25.70005208,SGP DCPA,25,,,,,,"Circle Edge, Circle Edge","YES, YES",,,,"Q3, Q3, Q3, Q3, Q3",GA,Outer Left,SGP Goal,,,,
SGPvsFIJ_20260708,2694.975309,19.00328014,SGP DCPA,26,,,,,,Circle Edge,YES,,,,"Q3, Q3, Q3, Q3",GA,Outer Left,SGP Goal,,,,
SGPvsFIJ_20260708,2796.075386,11.49979103,SGP DCPA,27,,,,,,Outside Circle,YES,,,,"Q3, Q3, Q3",GA,Outer Left,SGP Miss,,,,
SGPvsFIJ_20260708,2852.374096,38.1020047,SGP DCPA,28,,,,,,"Circle Edge, Circle Edge","YES, YES",,,,"Q3, Q3, Q3, Q3, Q3, Q3, Q3",GS,Inner Middle,SGP Goal,,,,
SGPvsFIJ_20260708,2915.053878,23.25342222,SGP DCPA,29,Center Left Attack,GA,Center Left Attack,C,,"Circle Edge, Inside Circle","YES, NO",,,,"Q3, Q3, Q3",,,,,,,
SGPvsFIJ_20260708,3047.178715,4.898277731,SGP DCPA,30,,,,,,,,,,,Q3,,,,,,,
SGPvsFIJ_20260708,3140.874698,12.90430831,SGP DCPA,31,,,,,,"Circle Edge, Circle Edge","YES, YES",,,,"Q3, Q3, Q3, Q3",GS,Inner Left,SGP Goal,,,,
SGPvsFIJ_20260708,3175.775276,28.10240948,SGP DCPA,32,,,,,,"Circle Edge, Inside Circle","YES, YES",,,,"Q3, Q3, Q3, Q3, Q3, Q3","GA, GS","Outer Right, Inner Left","SGP Miss, SGP Goal",,,,
SGPvsFIJ_20260708,3220.094089,15.09806691,SGP DCPA,33,Center Right Attack,WA,Attacking Middle,C,,Circle Edge,YES,,,,"Q3, Q3, Q3, Q3",GA,Inner Middle,SGP Goal,,,,
SGPvsFIJ_20260708,3284.074842,20.30333062,SGP DCPA,34,,,,,,Circle Edge,NO,,,,"Q3, Q3, Q3",GA,Inner Right,SGP Goal,,,,
SGPvsFIJ_20260708,3334.073089,14.70492216,SGP DCPA,35,,,,,,Outside Circle,YES,,,,"Q3, Q3, Q3, Q3","GA, GS","Outer Left, Inner Right","SGP Miss, SGP Goal",,,,
SGPvsFIJ_20260708,3389.173023,19.78619174,SGP DCPA,36,,,,,,Circle Edge,YES,,,,"Q3, Q3, Q3",GA,Inner Right,SGP Miss,,,,
SGPvsFIJ_20260708,3523.174444,27.91808533,SGP DCPA,37,Center Mid Attack,GA,Attacking Left,C,,"Outside Circle, Circle Edge, Inside Circle","YES, YES, YES",,,,"Q3, Q3, Q3, Q3, Q3, Q3",GS,Inner Middle,SGP Miss,,,,
SGPvsFIJ_20260708,3837.474455,21.3980853,SGP DCPA,38,,,,,,Circle Edge,YES,,,,"Q4, Q4, Q4, Q4",GA,Inner Right,SGP Miss,,,,
SGPvsFIJ_20260708,3902.271762,24.10703308,SGP DCPA,39,,,,,,"Outside Circle, Circle Edge","YES, YES",,,,"Q4, Q4, Q4, Q4, Q4, Q4",GA,Inner Left,SGP Goal,,,,
SGPvsFIJ_20260708,3974.773565,23.80618074,SGP DCPA,40,,,,,,Circle Edge,YES,,,,"Q4, Q4, Q4, Q4, Q4",GS,Inner Left,SGP Goal,,,,
SGPvsFIJ_20260708,4015.075222,14.59824343,SGP DCPA,41,,,,,,Circle Edge,NO,,,,"Q4, Q4",,,,,,,
SGPvsFIJ_20260708,4096.272745,35.1035148,SGP DCPA,42,,,,,,"Outside Circle, Circle Edge","YES, YES",,,,"Q4, Q4, Q4, Q4, Q4, Q4, Q4","GS, GS","Inner Right, Inner Right","SGP Miss, SGP Goal",,,,
SGPvsFIJ_20260708,4191.576657,28.78744494,SGP DCPA,43,,,,,,,,,,,"Q4, Q4, Q4, Q4, Q4",GS,Outer Right,SGP Goal,,,,
SGPvsFIJ_20260708,4238.677121,18.00098939,SGP DCPA,44,,,,,,Circle Edge,YES,,,,"Q4, Q4, Q4, Q4",GS,Inner Right,SGP Goal,,,,
SGPvsFIJ_20260708,4324.07063,18.40254699,SGP DCPA,45,,,,,,"Outside Circle, Circle Edge","YES, YES",,,,"Q4, Q4, Q4, Q4",GS,Outer Right,SGP Miss,,,,
SGPvsFIJ_20260708,4428.773777,41.60534023,SGP DCPA,46,,,,,,Outside Circle,YES,,,,"Q4, Q4, Q4, Q4, Q4",GS,Inner Right,SGP Goal,,,,
SGPvsFIJ_20260708,4500.27921,24.79965826,SGP DCPA,47,,,,,,Circle Edge,YES,,,,"Q4, Q4, Q4, Q4",GS,Inner Right,SGP Goal,,,,
SGPvsFIJ_20260708,4548.720996,23.95334795,SGP DCPA,48,,,,,,Circle Edge,YES,,,,"Q4, Q4, Q4",GS,Inner Left,SGP Miss,,,,
SGPvsFIJ_20260708,4628.975427,14.40516915,SGP DCPA,49,,,,,,"Circle Edge, Circle Edge","YES, YES",,,,"Q4, Q4, Q4, Q4",GA,Inner Left,SGP Goal,,,,
SGPvsFIJ_20260708,4687.272508,13.70598089,SGP DCPA,50,,,,,,Circle Edge,YES,,,,"Q4, Q4, Q4, Q4",GA,Inner Right,SGP Goal,,,,
SGPvsFIJ_20260708,4719.674497,40.3003368,SGP DCPA,51,,,,,,,,,,,"Q4, Q4",,,,,,,
SGPvsFIJ_20260708,117.1751866,5.199623922,SGP Feed,1,,,,,,Circle Edge,YES,,,Rachel Ling,Q1,,,,,,,
SGPvsFIJ_20260708,122.384566,5.203944654,SGP Feed,2,,,,,,Circle Edge,YES,,,Angelina Lim,Q1,,,,,,,
SGPvsFIJ_20260708,140.4755055,5.199217616,SGP Feed,3,,,,,,Outside Circle,YES,,,Angelina Lim,Q1,,,,,,,
SGPvsFIJ_20260708,142.7789508,5.184661502,SGP Feed,4,,,,,,Circle Edge,YES,,,Angelina Lim,Q1,,,,,,,
SGPvsFIJ_20260708,189.3749646,5.199229169,SGP Feed,5,,,,,,Circle Edge,YES,,,Rachel Ling,Q1,,,,,,,
SGPvsFIJ_20260708,228.8754804,5.2004383,SGP Feed,6,,,,,,Outside Circle,YES,,,Toh Kai Wei,Q1,,,,,,,
SGPvsFIJ_20260708,231.1753528,5.200268308,SGP Feed,7,,,,,,Circle Edge,YES,,,Rachel Ling,Q1,,,,,,,
SGPvsFIJ_20260708,270.275395,5.300583142,SGP Feed,8,,,,,,Circle Edge,NO,,,Goh Wei Ping,Q1,,,,,,,
SGPvsFIJ_20260708,347.1763337,5.301373869,SGP Feed,9,,,,,,Outside Circle,YES,,,Rachel Ling,Q1,,,,,,,
SGPvsFIJ_20260708,445.9752998,5.304240234,SGP Feed,10,,,,,,Circle Edge,NO,,,Toh Kai Wei,Q1,,,,,,,
SGPvsFIJ_20260708,540.7751224,5.501110464,SGP Feed,11,,,,,,Circle Edge,YES,,,Angelina Lim,Q1,,,,,,,
SGPvsFIJ_20260708,574.9763738,5.202676236,SGP Feed,12,,,,,,Outside Circle,YES,,,Toh Kai Wei,Q1,,,,,,,
SGPvsFIJ_20260708,624.0752748,5.115948426,SGP Feed,13,,,,,,Outside Circle,YES,,,Rachel Ling,Q1,,,,,,,
SGPvsFIJ_20260708,678.6782998,5.300335744,SGP Feed,14,,,,,,Circle Edge,YES,,,Rachel Ling,Q1,,,,,,,
SGPvsFIJ_20260708,695.5740503,5.206369659,SGP Feed,15,,,,,,Circle Edge,YES,,,Rachel Ling,Q1,,,,,,,
SGPvsFIJ_20260708,714.9767614,5.201724198,SGP Feed,16,,,,,,Circle Edge,YES,,,Angelina Lim,Q1,,,,,,,
SGPvsFIJ_20260708,748.0702045,5.189345009,SGP Feed,17,,,,,,Circle Edge,YES,,,Rachel Ling,Q1,,,,,,,
SGPvsFIJ_20260708,769.0432222,5,SGP Feed,18,,,,,,Circle Edge,YES,,,Rachel Ling,Q1,,,,,,,
SGPvsFIJ_20260708,813.7832778,5,SGP Feed,19,,,,,,Circle Edge,YES,,,Angelina Lim,Q1,,,,,,,
SGPvsFIJ_20260708,850.5764616,5.31315302,SGP Feed,20,,,,,,Circle Edge,YES,,,Angelina Lim,Q1,,,,,,,
SGPvsFIJ_20260708,913.3737637,5.146854778,SGP Feed,21,,,,,,Outside Circle,YES,,,Angelina Lim,Q1,,,,,,,
SGPvsFIJ_20260708,917.3720605,5.189957549,SGP Feed,22,,,,,,Circle Edge,YES,,,Rachel Ling,Q1,,,,,,,
SGPvsFIJ_20260708,1207.276217,5.297075023,SGP Feed,23,,,,,,Circle Edge,YES,,,Toh Kai Wei,Q2,,,,,,,
SGPvsFIJ_20260708,1237.673244,5.20138081,SGP Feed,24,,,,,,Circle Edge,NO,,,Angelina Lim,Q2,,,,,,,
SGPvsFIJ_20260708,1306.575142,5.199706547,SGP Feed,25,,,,,,Circle Edge,YES,,,Toh Kai Wei,Q2,,,,,,,
SGPvsFIJ_20260708,1358.473336,5.187839799,SGP Feed,26,,,,,,Outside Circle,YES,,,Goh Wei Ping,Q2,,,,,,,
SGPvsFIJ_20260708,1360.17434,5.196663758,SGP Feed,27,,,,,,Circle Edge,YES,,,Rachel Ling,Q2,,,,,,,
SGPvsFIJ_20260708,1380.07342,5.187061756,SGP Feed,28,,,,,,Circle Edge,YES,,,Angelina Lim,Q2,,,,,,,
SGPvsFIJ_20260708,1399.673736,5.600507507,SGP Feed,29,,,,,,Circle Edge,YES,,,Rachel Ling,Q2,,,,,,,
SGPvsFIJ_20260708,1402.877394,5.299834429,SGP Feed,30,,,,,,Circle Edge,YES,,,Angelina Lim,Q2,,,,,,,
SGPvsFIJ_20260708,1421.074709,5.217052813,SGP Feed,31,,,,,,Circle Edge,YES,,,Angelina Lim,Q2,,,,,,,
SGPvsFIJ_20260708,1424.577063,5.293172023,SGP Feed,32,,,,,,Circle Edge,NO,,,Angelina Lim,Q2,,,,,,,
SGPvsFIJ_20260708,1440.560856,5,SGP Feed,33,,,,,,Circle Edge,YES,,,Angelina Lim,Q2,,,,,,,
SGPvsFIJ_20260708,1442.295581,5.198267659,SGP Feed,34,,,,,,Circle Edge,YES,,,Angelina Lim,Q2,,,,,,,
SGPvsFIJ_20260708,1498.374102,5.301680509,SGP Feed,35,,,,,,Circle Edge,NO,,,Rachel Ling,Q2,,,,,,,
SGPvsFIJ_20260708,1580.473526,5.20238632,SGP Feed,36,,,,,,Circle Edge,YES,,,Rachel Ling,Q2,,,,,,,
SGPvsFIJ_20260708,1644.874918,5.700098881,SGP Feed,37,,,,,,Circle Edge,YES,,,Rachel Ling,Q2,,,,,,,
SGPvsFIJ_20260708,1649.17412,5.196758046,SGP Feed,38,,,,,,Circle Edge,YES,,,Rachel Ling,Q2,,,,,,,
SGPvsFIJ_20260708,1687.37219,5.133784955,SGP Feed,39,,,,,,Outside Circle,YES,,,Goh Wei Ping,Q2,,,,,,,
SGPvsFIJ_20260708,1733.675131,5.497101945,SGP Feed,40,,,,,,Outside Circle,YES,,,Toh Kai Wei,Q2,,,,,,,
SGPvsFIJ_20260708,1792.675828,5.402095474,SGP Feed,41,,,,,,Outside Circle,NO,,,Jamie Lim,Q2,,,,,,,
SGPvsFIJ_20260708,1831.974924,5.201796405,SGP Feed,42,,,,,,Outside Circle,YES,,,Rachel Ling,Q2,,,,,,,
SGPvsFIJ_20260708,1833.778015,5.192280004,SGP Feed,43,,,,,,Circle Edge,YES,,,Angelina Lim,Q2,,,,,,,
SGPvsFIJ_20260708,1876.654321,5.113597673,SGP Feed,44,,,,,,Outside Circle,YES,,,Goh Wei Ping,Q2,,,,,,,
SGPvsFIJ_20260708,1910.3541,5,SGP Feed,45,,,,,,Circle Edge,YES,,,Angelina Lim,Q2,,,,,,,
SGPvsFIJ_20260708,1931.271368,5.303809295,SGP Feed,46,,,,,,Outside Circle,YES,,,Tan Yi Jie,Q2,,,,,,,
SGPvsFIJ_20260708,1934.1726,5.19833645,SGP Feed,47,,,,,,Circle Edge,YES,,,Tan Yi Jie,Q2,,,,,,,
SGPvsFIJ_20260708,1972.776849,5.197542321,SGP Feed,48,,,,,,Outside Circle,YES,,,Angelina Lim,Q2,,,,,,,
SGPvsFIJ_20260708,1981.078335,5.19631286,SGP Feed,49,,,,,,Circle Edge,YES,,,Tan Yi Jie,Q2,,,,,,,
SGPvsFIJ_20260708,2014.406067,5,SGP Feed,50,,,,,,Outside Circle,YES,,,Angelina Lim,Q2,,,,,,,
SGPvsFIJ_20260708,2015.652611,5,SGP Feed,51,,,,,,Inside Circle,YES,,,Toh Kai Wei,Q2,,,,,,,
SGPvsFIJ_20260708,2018.275267,5,SGP Feed,52,,,,,,Circle Edge,YES,,,Tan Yi Jie,Q2,,,,,,,
SGPvsFIJ_20260708,2055.674931,5.21511709,SGP Feed,53,,,,,,Circle Edge,YES,,,Angelina Lim,Q2,,,,,,,
SGPvsFIJ_20260708,2059.878164,5.396410375,SGP Feed,54,,,,,,Circle Edge,YES,,,Tan Yi Jie,Q2,,,,,,,
SGPvsFIJ_20260708,2117.675137,5.20372029,SGP Feed,55,,,,,,Circle Edge,YES,,,Angelina Lim,Q2,,,,,,,
SGPvsFIJ_20260708,2633.071199,5.184191898,SGP Feed,56,,,,,,Circle Edge,YES,,,Toh Kai Wei,Q3,,,,,,,
SGPvsFIJ_20260708,2643.976687,5.175841289,SGP Feed,57,,,,,,Circle Edge,YES,,,Angelina Lim,Q3,,,,,,,
SGPvsFIJ_20260708,2681.775613,5.190018178,SGP Feed,58,,,,,,Circle Edge,YES,,,Tan Yi Jie,Q3,,,,,,,
SGPvsFIJ_20260708,2698.374586,5.193896353,SGP Feed,59,,,,,,Circle Edge,YES,,,Tan Yi Jie,Q3,,,,,,,
SGPvsFIJ_20260708,2745.374541,5.110885137,SGP Feed,60,,,,,,Inside Circle,YES,,,Toh Kai Wei,Q3,,,,,,,
SGPvsFIJ_20260708,2786.573727,5.31414465,SGP Feed,61,,,,,,Circle Edge,YES,,,Goh Wei Ping,Q3,,,,,,,
SGPvsFIJ_20260708,2796.475549,5.200619403,SGP Feed,62,,,,,,Outside Circle,YES,,,Angelina Lim,Q3,,,,,,,
SGPvsFIJ_20260708,2858.172051,5.311385057,SGP Feed,63,,,,,,Circle Edge,YES,,,Angelina Lim,Q3,,,,,,,
SGPvsFIJ_20260708,2873.178724,5.306113932,SGP Feed,64,,,,,,Circle Edge,YES,,,Angelina Lim,Q3,,,,,,,
SGPvsFIJ_20260708,2923.061556,5,SGP Feed,65,,,,,,Circle Edge,YES,,,Angelina Lim,Q3,,,,,,,
SGPvsFIJ_20260708,2933.3073,5,SGP Feed,66,,,,,,Inside Circle,NO,,,Toh Kai Wei,Q3,,,,,,,
SGPvsFIJ_20260708,3069.374749,5.203244903,SGP Feed,67,,,,,,Circle Edge,YES,,,Tan Yi Jie,Q3,,,,,,,
SGPvsFIJ_20260708,3071.774077,5.401988249,SGP Feed,68,,,,,,Inside Circle,YES,,,Toh Kai Wei,Q3,,,,,,,
SGPvsFIJ_20260708,3114.274981,5.099479499,SGP Feed,69,,,,,,Outside Circle,YES,,,Angelina Lim,Q3,,,,,,,
SGPvsFIJ_20260708,3142.275313,5.292635402,SGP Feed,70,,,,,,Circle Edge,YES,,,Angelina Lim,Q3,,,,,,,
SGPvsFIJ_20260708,3143.865597,5.298305225,SGP Feed,71,,,,,,Circle Edge,YES,,,Angelina Lim,Q3,,,,,,,
SGPvsFIJ_20260708,3163.172538,5.292165735,SGP Feed,72,,,,,,Outside Circle,YES,,,Goh Wei Ping,Q3,,,,,,,
SGPvsFIJ_20260708,3180.574594,5.200299352,SGP Feed,73,,,,,,Circle Edge,YES,,,Angelina Lim,Q3,,,,,,,
SGPvsFIJ_20260708,3187.3567,5,SGP Feed,74,,,,,,Outside Circle,YES,,,Tan Yi Jie,,,,,,,,
SGPvsFIJ_20260708,3193.472172,5.198084657,SGP Feed,75,,,,,,Inside Circle,YES,,,Toh Kai Wei,Q3,,,,,,,
SGPvsFIJ_20260708,3226.608433,5,SGP Feed,76,,,,,,Circle Edge,YES,,,Tan Yi Jie,Q3,,,,,,,
SGPvsFIJ_20260708,3272.1736,5.199342899,SGP Feed,77,,,,,,Circle Edge,YES,,,Tan Yi Jie,Q3,,,,,,,
SGPvsFIJ_20260708,3289.272906,5.304315351,SGP Feed,78,,,,,,Circle Edge,NO,,,Tan Yi Jie,Q3,,,,,,,
SGPvsFIJ_20260708,3334.975103,5.200110344,SGP Feed,79,,,,,,Outside Circle,YES,,,Angelina Lim,Q3,,,,,,,
SGPvsFIJ_20260708,3395.975116,5.301374271,SGP Feed,80,,,,,,Circle Edge,YES,,,Angelina Lim,Q3,,,,,,,
SGPvsFIJ_20260708,3449.87566,5.300379921,SGP Feed,81,,,,,,Circle Edge,YES,,,Tan Yi Jie,Q3,,,,,,,
SGPvsFIJ_20260708,3455.777569,5.189944548,SGP Feed,82,,,,,,Circle Edge,YES,,,Angelina Lim,Q3,,,,,,,
SGPvsFIJ_20260708,3485.87539,5.100280956,SGP Feed,83,,,,,,Outside Circle,YES,,,Tan Yi Jie,Q3,,,,,,,
SGPvsFIJ_20260708,3525.6504,5,SGP Feed,84,,,,,,Outside Circle,YES,,,Angelina Lim,Q3,,,,,,,
SGPvsFIJ_20260708,3526.786656,5,SGP Feed,85,,,,,,Circle Edge,YES,,,Angelina Lim,Q3,,,,,,,
SGPvsFIJ_20260708,3537.269256,5,SGP Feed,86,,,,,,Inside Circle,YES,,,Toh Kai Wei,Q3,,,,,,,
SGPvsFIJ_20260708,3846.375428,5.201876969,SGP Feed,87,,,,,,Circle Edge,YES,,,Anna Macinnes,Q4,,,,,,,
SGPvsFIJ_20260708,3902.874207,5.203941728,SGP Feed,88,,,,,,Outside Circle,YES,,,Anna Macinnes,Q4,,,,,,,
SGPvsFIJ_20260708,3910.275016,5.600190742,SGP Feed,89,,,,,,Circle Edge,YES,,,Toh Kai Wei,Q4,,,,,,,
SGPvsFIJ_20260708,3983.17442,5.316382086,SGP Feed,90,,,,,,Circle Edge,YES,,,Tan Yi Jie,Q4,,,,,,,
SGPvsFIJ_20260708,4022.132314,7.038461368,SGP Feed,91,,,,,,Circle Edge,NO,,,Toh Kai Wei,Q4,,,,,,,
SGPvsFIJ_20260708,4107.776336,5.130841285,SGP Feed,92,,,,,,Outside Circle,YES,,,Goh Wei Ping,Q4,,,,,,,
SGPvsFIJ_20260708,4111.475022,5.195900996,SGP Feed,93,,,,,,Circle Edge,YES,,,Tan Yi Jie,Q4,,,,,,,
SGPvsFIJ_20260708,4239.279266,5.19557431,SGP Feed,94,,,,,,Outside Circle,YES,,,Tan Yi Jie,Q4,,,,,,,
SGPvsFIJ_20260708,4298.176547,5.098300283,SGP Feed,95,,,,,,Circle Edge,YES,,,Goh Wei Ping,Q4,,,,,,,
SGPvsFIJ_20260708,4325.875237,5.200310009,SGP Feed,96,,,,,,Outside Circle,YES,,,Tan Yi Jie,Q4,,,,,,,
SGPvsFIJ_20260708,4328.668538,5.210894085,SGP Feed,97,,,,,,Circle Edge,YES,,,Anna Macinnes,Q4,,,,,,,
SGPvsFIJ_20260708,4454.572866,5.198939274,SGP Feed,98,,,,,,Outside Circle,YES,,,Goh Wei Ping,Q4,,,,,,,
SGPvsFIJ_20260708,4509.530403,8.043548136,SGP Feed,99,,,,,,Circle Edge,YES,,,Anna Macinnes,Q4,,,,,,,
SGPvsFIJ_20260708,4560.773351,5.291216576,SGP Feed,100,,,,,,Circle Edge,YES,,,Tan Yi Jie,Q4,,,,,,,
SGPvsFIJ_20260708,4631.974898,5.299007635,SGP Feed,101,,,,,,Circle Edge,YES,,,Tan Yi Jie,Q4,,,,,,,
SGPvsFIJ_20260708,4633.474874,5.299678217,SGP Feed,102,,,,,,Circle Edge,YES,,,Tan Yi Jie,Q4,,,,,,,
SGPvsFIJ_20260708,4692.263592,5.311177285,SGP Feed,103,,,,,,Circle Edge,YES,,,Anna Macinnes,Q4,,,,,,,
SGPvsFIJ_20260708,122.5881257,11.29055314,SGP Shot,1,,,,,,,,,,Toh Kai Wei,Q1,GA,Inner Middle,SGP Goal,,,,
SGPvsFIJ_20260708,146.988323,11.09660385,SGP Shot,2,,,,,,,,,,Toh Kai Wei,Q1,GA,Inner Middle,SGP Goal,,,,
SGPvsFIJ_20260708,188.1795173,10.99918338,SGP Shot,3,,,,,,,,,,Toh Kai Wei,Q1,GA,Outer Middle,SGP Goal,,,,
SGPvsFIJ_20260708,235.1790558,11.09983017,SGP Shot,4,,,,,,,,,,Goh Wei Ping,Q1,GS,Inner Left,SGP Goal,,,,
SGPvsFIJ_20260708,359.1789912,10.99979479,SGP Shot,5,,,,,,,,,,Goh Wei Ping,Q1,GS,Inner Right,SGP Goal,,,,
SGPvsFIJ_20260708,459.1793607,11.09984696,SGP Shot,6,,,,,,,,,,Toh Kai Wei,Q1,GA,Outer Right,SGP Goal,,,,
SGPvsFIJ_20260708,548.9794654,11.09762869,SGP Shot,7,,,,,,,,,,Goh Wei Ping,Q1,GS,Inner Right,SGP Goal,,,,
SGPvsFIJ_20260708,574.0785173,11.39976899,SGP Shot,8,,,,,,,,,,Goh Wei Ping,Q1,GS,Inner Left,SGP Goal,,,,
SGPvsFIJ_20260708,697.6782775,11.3014545,SGP Shot,9,,,,,,,,,,Goh Wei Ping,Q1,GS,Inner Left,SGP Goal,,,,
SGPvsFIJ_20260708,713.4793654,11.00032576,SGP Shot,10,,,,,,,,,,Toh Kai Wei,Q1,GA,Outer Left,SGP Goal,,,,
SGPvsFIJ_20260708,753.8777436,11.30139139,SGP Shot,11,,,,,,,,,,Toh Kai Wei,Q1,GA,Inner Right,SGP Goal,,,,
SGPvsFIJ_20260708,811.9910889,10,SGP Shot,12,,,,,,,,,,Toh Kai Wei,Q1,GA,Outer Middle,SGP Goal,,,,
SGPvsFIJ_20260708,853.2783989,10.80038437,SGP Shot,13,,,,,,,,,,Toh Kai Wei,Q1,GA,Outer Middle,SGP Miss,,,,
SGPvsFIJ_20260708,916.7781966,11.69678251,SGP Shot,14,,,,,,,,,,Toh Kai Wei,Q1,GA,Inner Left,SGP Miss,,,,
SGPvsFIJ_20260708,1213.378897,11.2001361,SGP Shot,15,,,,,,,,,,Goh Wei Ping,Q2,GS,Inner Right,SGP Goal,,,,
SGPvsFIJ_20260708,1319.878549,11.40052032,SGP Shot,16,,,,,,,,,,Goh Wei Ping,Q2,GS,Inner Middle,SGP Miss,,,,
SGPvsFIJ_20260708,1360.17763,11.39863205,SGP Shot,17,,,,,,,,,,Toh Kai Wei,Q2,GA,Outer Right,SGP Miss,,,,
SGPvsFIJ_20260708,1379.378001,11.0005009,SGP Shot,18,,,,,,,,,,Goh Wei Ping,Q2,GS,Inner Left,SGP Goal,,,,
SGPvsFIJ_20260708,1402.17786,11.00036698,SGP Shot,19,,,,,,,,,,Goh Wei Ping,Q2,GS,Inner Left,SGP Miss,,,,
SGPvsFIJ_20260708,1448.330178,10,SGP Shot,20,,,,,,,,,,Toh Kai Wei,Q2,GA,Inner Left,SGP Goal,,,,
SGPvsFIJ_20260708,1587.979103,11.00026063,SGP Shot,21,,,,,,,,,,Toh Kai Wei,Q2,GA,Inner Right,SGP Goal,,,,
SGPvsFIJ_20260708,1648.079728,11.80056439,SGP Shot,22,,,,,,,,,,Toh Kai Wei,Q2,GA,Outer Left,SGP Goal,,,,
SGPvsFIJ_20260708,1686.678747,11.10004584,SGP Shot,23,,,,,,,,,,Toh Kai Wei,Q2,GA,Outer Left,SGP Goal,,,,
SGPvsFIJ_20260708,1740.677779,10.90127816,SGP Shot,24,,,,,,,,,,Toh Kai Wei,Q2,GA,Inner Left,SGP Goal,,,,
SGPvsFIJ_20260708,1832.476808,11.40137971,SGP Shot,25,,,,,,,,,,Goh Wei Ping,Q2,GS,Inner Left,SGP Goal,,,,
SGPvsFIJ_20260708,1874.178035,11.00131071,SGP Shot,26,,,,,,,,,,Toh Kai Wei,Q2,GA,Inner Left,SGP Goal,,,,
SGPvsFIJ_20260708,1912.686833,10,SGP Shot,27,,,,,,,,,,Goh Wei Ping,Q2,GS,Inner Left,SGP Goal,,,,
SGPvsFIJ_20260708,1936.077823,11.60009577,SGP Shot,28,,,,,,,,,,Goh Wei Ping,Q2,GS,Inner Left,SGP Goal,,,,
SGPvsFIJ_20260708,1980.678198,11.00027064,SGP Shot,29,,,,,,,,,,Toh Kai Wei,Q2,GA,Outer Right,SGP Miss,,,,
SGPvsFIJ_20260708,1987.277546,11.00057332,SGP Shot,30,,,,,,,,,,Goh Wei Ping,Q2,GS,Inner Middle,SGP Goal,,,,
SGPvsFIJ_20260708,2039.180354,11.19865457,SGP Shot,31,,,,,,,,,,Toh Kai Wei,Q2,GA,Inner Left,SGP Goal,,,,
SGPvsFIJ_20260708,2063.978531,10.90022556,SGP Shot,32,,,,,,,,,,Toh Kai Wei,Q2,GA,Outer Right,SGP Goal,,,,
SGPvsFIJ_20260708,2117.079058,10.99721115,SGP Shot,33,,,,,,,,,,Toh Kai Wei,Q2,GA,Outer Middle,SGP Goal,,,,
SGPvsFIJ_20260708,2643.378242,11.29752957,SGP Shot,34,,,,,,,,,,Toh Kai Wei,Q3,GA,Outer Left,SGP Goal,,,,
SGPvsFIJ_20260708,2680.079066,10.89949154,SGP Shot,35,,,,,,,,,,Toh Kai Wei,Q3,GA,Outer Middle,SGP Goal,,,,
SGPvsFIJ_20260708,2702.879318,11.09927108,SGP Shot,36,,,,,,,,,,Toh Kai Wei,Q3,GA,Outer Left,SGP Goal,,,,
SGPvsFIJ_20260708,2744.778386,11.19872938,SGP Shot,37,,,,,,,,,,Goh Wei Ping,Q3,GS,Inner Right,SGP Miss,,,,
SGPvsFIJ_20260708,2784.280645,11.09831863,SGP Shot,38,,,,,,,,,,Toh Kai Wei,Q3,GA,Inner Left,SGP Goal,,,,
SGPvsFIJ_20260708,2795.278357,10.99964252,SGP Shot,39,,,,,,,,,,Toh Kai Wei,Q3,GA,Outer Left,SGP Miss,,,,
SGPvsFIJ_20260708,2879.278756,11.19734477,SGP Shot,40,,,,,,,,,,Goh Wei Ping,Q3,GS,Inner Middle,SGP Goal,,,,
SGPvsFIJ_20260708,3070.578755,10.8003299,SGP Shot,41,,,,,,,,,,Goh Wei Ping,Q3,GS,Inner Left,SGP Goal,,,,
SGPvsFIJ_20260708,3142.478004,11.30100234,SGP Shot,42,,,,,,,,,,Goh Wei Ping,Q3,GS,Inner Left,SGP Goal,,,,
SGPvsFIJ_20260708,3161.877632,11.2006956,SGP Shot,43,,,,,,,,,,Toh Kai Wei,Q3,GA,Inner Right,SGP Goal,,,,
SGPvsFIJ_20260708,3181.078225,11.10127541,SGP Shot,44,,,,,,,,,,Toh Kai Wei,Q3,GA,Outer Right,SGP Miss,,,,
SGPvsFIJ_20260708,3192.675916,11.20176979,SGP Shot,45,,,,,,,,,,Goh Wei Ping,Q3,GS,Inner Left,SGP Goal,,,,
SGPvsFIJ_20260708,3225.192156,10,SGP Shot,46,,,,,,,,,,Toh Kai Wei,Q3,GA,Inner Middle,SGP Goal,,,,
SGPvsFIJ_20260708,3270.579242,10.99881972,SGP Shot,47,,,,,,,,,,Toh Kai Wei,Q3,GA,Outer Left,SGP Goal,,,,
SGPvsFIJ_20260708,3292.9751,11.40307216,SGP Shot,48,,,,,,,,,,Toh Kai Wei,Q3,GA,Inner Right,SGP Goal,,,,
SGPvsFIJ_20260708,3333.579031,10.99917759,SGP Shot,49,,,,,,,,,,Toh Kai Wei,Q3,GA,Outer Left,SGP Miss,,,,
SGPvsFIJ_20260708,3337.77851,10.99950051,SGP Shot,50,,,,,,,,,,Goh Wei Ping,Q3,GS,Inner Right,SGP Goal,,,,
SGPvsFIJ_20260708,3396.078886,11.49726405,SGP Shot,51,,,,,,,,,,Toh Kai Wei,Q3,GA,Inner Right,SGP Miss,,,,
SGPvsFIJ_20260708,3455.264191,11.01455511,SGP Shot,52,,,,,,,,,,Goh Wei Ping,Q3,GS,Outer Left,SGP Goal,,,,
SGPvsFIJ_20260708,3535.557789,10,SGP Shot,53,,,,,,,,,,Goh Wei Ping,Q3,GS,Inner Middle,SGP Miss,,,,
SGPvsFIJ_20260708,3845.978528,11.19982127,SGP Shot,54,,,,,,,,,,Goh Wei Ping,Q4,GA,Inner Right,SGP Miss,,,,
SGPvsFIJ_20260708,3915.080457,11.29833805,SGP Shot,55,,,,,,,,,,Toh Kai Wei,Q4,GA,Inner Left,SGP Goal,,,,
SGPvsFIJ_20260708,3987.180273,11.39947283,SGP Shot,56,,,,,,,,,,Toh Kai Wei,Q4,GS,Inner Left,SGP Goal,,,,
SGPvsFIJ_20260708,4083.679461,11.89939687,SGP Shot,57,,,,,,,,,,Toh Kai Wei,Q4,GS,Inner Right,SGP Goal,,,,
SGPvsFIJ_20260708,4111.875623,11.00382112,SGP Shot,58,,,,,,,,,,Toh Kai Wei,Q4,GS,Inner Right,SGP Miss,,,,
SGPvsFIJ_20260708,4120.279477,11.09678285,SGP Shot,59,,,,,,,,,,Toh Kai Wei,Q4,GS,Inner Right,SGP Goal,,,,
SGPvsFIJ_20260708,4209.07836,11.28574247,SGP Shot,60,,,,,,,,,,Toh Kai Wei,Q4,GS,Outer Right,SGP Goal,,,,
SGPvsFIJ_20260708,4245.777092,10.90101863,SGP Shot,61,,,,,,,,,,Toh Kai Wei,Q4,GS,Inner Right,SGP Goal,,,,
SGPvsFIJ_20260708,4300.177891,11.10057807,SGP Shot,62,,,,,,,,,,Toh Kai Wei,Q4,GS,Inner Left,SGP Goal,,,,
SGPvsFIJ_20260708,4328.878865,11.59949336,SGP Shot,63,,,,,,,,,,Toh Kai Wei,Q4,GS,Outer Right,SGP Miss,,,,
SGPvsFIJ_20260708,4458.978795,11.40032179,SGP Shot,64,,,,,,,,,,Toh Kai Wei,Q4,GS,Inner Right,SGP Goal,,,,
SGPvsFIJ_20260708,4513.931073,11.14779581,SGP Shot,65,,,,,,,,,,Charlotte Lee,Q4,GS,Inner Right,SGP Goal,,,,
SGPvsFIJ_20260708,4560.678174,11.00040054,SGP Shot,66,,,,,,,,,,Charlotte Lee,Q4,GS,Inner Left,SGP Miss,,,,
SGPvsFIJ_20260708,4632.177578,11.20301851,SGP Shot,67,,,,,,,,,,Goh Wei Ping,Q4,GA,Inner Left,SGP Goal,,,,
SGPvsFIJ_20260708,4689.979156,10.99933351,SGP Shot,68,,,,,,,,,,Goh Wei Ping,Q4,GA,Inner Right,SGP Goal,,,,
SGPvsFIJ_20260708,12.27712222,10,SGP PEN,1,,,,,,,,,Contact,Toh Kai Wei,Q1,,,,,,,
SGPvsFIJ_20260708,61.3730903,10,SGP PEN,2,,,,,,,,,Contact,Jamie Lim,Q1,,,,,,,
SGPvsFIJ_20260708,157.0743714,10,SGP PEN,3,,,,,,,,,Obstruction,Rachel Ling,Q1,,,,,,,
SGPvsFIJ_20260708,171.6730474,10,SGP PEN,4,,,,,,,,,Obstruction,Reena Divya,"Q1, Q1",GS,Inner Left,OPP Goal,,,,
SGPvsFIJ_20260708,201.8755156,10,SGP PEN,5,,,,,,,,,Obstruction,Angelina Lim,Q1,,,,,,,
SGPvsFIJ_20260708,210.0754135,10,SGP PEN,6,,,,,,,,,Contact,Faithmaria Lawrence,Q1,,,,,,,
SGPvsFIJ_20260708,216.1749212,10,SGP PEN,7,,,,,,,,,Obstruction,Jamie Lim,"Q1, Q1",,Inner Right,,,,,
SGPvsFIJ_20260708,303.5751966,10,SGP PEN,8,,,,,,,,,Contact,Faithmaria Lawrence,Q1,,,,,,,
SGPvsFIJ_20260708,387.7734055,10,SGP PEN,9,,,,,,,,,Obstruction,Goh Wei Ping,Q1,,,,,,,
SGPvsFIJ_20260708,402.27511,10,SGP PEN,10,,,,,,,,,Contact,Angelina Lim,Q1,,,,,,,
SGPvsFIJ_20260708,592.2074111,10,SGP PEN,11,,,,,,,,,Obstruction,Jamie Lim,Q1,,,,,,,
SGPvsFIJ_20260708,628.6755382,10,SGP PEN,12,,,,,,,,,Obstruction,Goh Wei Ping,Q1,,,,,,,
SGPvsFIJ_20260708,641.2746789,10,SGP PEN,13,,,,,,,,,Obstruction,Rachel Ling,Q1,,,,,,,
SGPvsFIJ_20260708,650.775382,10,SGP PEN,14,,,,,,,,,Contact,Jamie Lim,Q1,,,,,,,
SGPvsFIJ_20260708,723.2744254,10,SGP PEN,15,,,,,,,,,Contact,Faithmaria Lawrence,Q1,,,,,,,
SGPvsFIJ_20260708,867.4743974,10,SGP PEN,16,,,,,,,,,Contact,Toh Kai Wei,Q1,,,,,,,
SGPvsFIJ_20260708,896.9749134,10,SGP PEN,17,,,,,,,,,Obstruction,Reena Divya,Q1,,,,,,,
SGPvsFIJ_20260708,922.1747387,10,SGP PEN,18,,,,,,,,,Contact,Goh Wei Ping,"Q1, Q1",,,,,,,
SGPvsFIJ_20260708,1245.774416,10,SGP PEN,19,,,,,,,,,Contact,Angelina Lim,Q2,,,,,,,
SGPvsFIJ_20260708,1333.87685,10,SGP PEN,20,,,,,,,,,Contact,Toh Kai Wei,Q2,,,,,,,
SGPvsFIJ_20260708,1472.274985,10,SGP PEN,21,,,,,,,,,Contact,Faithmaria Lawrence,Q2,,,,,,,
SGPvsFIJ_20260708,1495.061622,10,SGP PEN,22,,,,,,,,,Contact,Goh Wei Ping,Q2,,,,,,,
SGPvsFIJ_20260708,1516.074711,10,SGP PEN,23,,,,,,,,,Obstruction,Faithmaria Lawrence,Q2,,,,,,,
SGPvsFIJ_20260708,1523.775057,10,SGP PEN,24,,,,,,,,,Contact,Jamie Lim,"Q2, Q2",,Inner Left,,,,,
SGPvsFIJ_20260708,1537.075337,10,SGP PEN,25,,,,,,,,,Contact,Faithmaria Lawrence,Q2,,,,,,,
SGPvsFIJ_20260708,1541.475214,10,SGP PEN,26,,,,,,,,,Contact,Rachel Ling,Q2,,,,,,,
SGPvsFIJ_20260708,1547.37366,10,SGP PEN,27,,,,,,,,,Contact,Jamie Lim,Q2,,,,,,,
SGPvsFIJ_20260708,1601.076632,10,SGP PEN,28,,,,,,,,,Obstruction,Angelina Lim,Q2,,,,,,,
SGPvsFIJ_20260708,1613.474161,10,SGP PEN,29,,,,,,,,,Contact,Faithmaria Lawrence,Q2,,,,,,,
SGPvsFIJ_20260708,1715.773385,10,SGP PEN,30,,,,,,,,,Obstruction,Reena Divya,"Q2, Q2",GS,Inner Left,OPP Goal,,,,
SGPvsFIJ_20260708,1796.676157,10,SGP PEN,31,,,,,,,,,Contact,Faithmaria Lawrence,Q2,,,,,,,
SGPvsFIJ_20260708,1808.674495,10,SGP PEN,32,,,,,,,,,Contact,Rachel Ling,Q2,,,,,,,
SGPvsFIJ_20260708,1812.870604,10,SGP PEN,33,,,,,,,,,Obstruction,Reena Divya,Q2,,,,,,,
SGPvsFIJ_20260708,1847.874939,10,SGP PEN,34,,,,,,,,,Contact,Jamie Lim,Q2,,,,,,,
SGPvsFIJ_20260708,1856.571623,10,SGP PEN,35,,,,,,,,,Obstruction,Reena Divya,"Q2, Q2",GS,Inner Right,OPP Goal,,,,
SGPvsFIJ_20260708,1962.074474,10,SGP PEN,36,,,,,,,,,Obstruction,Jamie Lim,"Q2, Q2",GS,Inner Right,OPP Goal,,,,
SGPvsFIJ_20260708,2074.254944,10,SGP PEN,37,,,,,,,,,Contact,Faithmaria Lawrence,Q2,,,,,,,
SGPvsFIJ_20260708,2088.748422,10,SGP PEN,38,,,,,,,,,Obstruction,Reena Divya,Q2,,,,,,,
SGPvsFIJ_20260708,2749.974587,10,SGP PEN,39,,,,,,,,,Contact,Goh Wei Ping,"Q3, Q3",,,,,,,
SGPvsFIJ_20260708,2765.474779,10,SGP PEN,40,,,,,,,,,Contact,Tan Yi Jie,Q3,,,,,,,
SGPvsFIJ_20260708,2815.874833,10,SGP PEN,41,,,,,,,,,Contact,Sindhu Nair,Q3,,,,,,,
SGPvsFIJ_20260708,2838.903911,10,SGP PEN,42,,,,,,,,,Obstruction,Sindhu Nair,Q3,,,,,,,
SGPvsFIJ_20260708,2889.074967,10,SGP PEN,43,,,,,,,,,Contact,Jamie Lim,Q3,,,,,,,
SGPvsFIJ_20260708,2932.872133,10,SGP PEN,44,,,,,,,,,Obstruction,Toh Kai Wei,Q3,,,,,,,
SGPvsFIJ_20260708,2975.0065,10,SGP PEN,45,,,,,,,,,Contact,Faithmaria Lawrence,Q3,,,,,,,
SGPvsFIJ_20260708,3004.926856,10,SGP PEN,46,,,,,,,,,Contact,Sindhu Nair,Q3,,,,,,,
SGPvsFIJ_20260708,3020.471863,10,SGP PEN,47,,,,,,,,,Contact,Faithmaria Lawrence,Q3,,,,,,,
SGPvsFIJ_20260708,3211.075406,10,SGP PEN,48,,,,,,,,,Obstruction,Jamie Lim,"Q3, Q3",GA,Inner Right,OPP Goal,,,,
SGPvsFIJ_20260708,3321.87372,10,SGP PEN,49,,,,,,,,,Contact,Sindhu Nair,Q3,,,,,,,
SGPvsFIJ_20260708,3402.717118,13.25693687,SGP PEN,50,,,,,,,,,Contact,Tan Yi Jie,Q3,,,,,,,
SGPvsFIJ_20260708,3414.27581,10,SGP PEN,51,,,,,,,,,Obstruction,Goh Wei Ping,Q3,,,,,,,
SGPvsFIJ_20260708,3435.472391,10,SGP PEN,52,,,,,,,,,Contact,Tan Yi Jie,Q3,,,,,,,
SGPvsFIJ_20260708,3500.176064,10,SGP PEN,53,,,,,,,,,Obstruction,Goh Wei Ping,Q3,,,,,,,
SGPvsFIJ_20260708,3805.375889,10,SGP PEN,54,,,,,,,,,Contact,Anna Macinnes,Q4,,,,,,,
SGPvsFIJ_20260708,3814.474334,10,SGP PEN,55,,,,,,Circle Edge,YES,,Contact,Faithmaria Lawrence,"Q4, Q4",,,,,,,
SGPvsFIJ_20260708,3817.880967,10,SGP PEN,56,,,,,,,,,Obstruction,Jamie Lim,Q4,,,,,,,
SGPvsFIJ_20260708,3824.675365,10,SGP PEN,57,,,,,,,,,Contact,Sindhu Nair,Q4,,,,,,,
SGPvsFIJ_20260708,3857.475171,10,SGP PEN,58,,,,,,,,,Contact,Sindhu Nair,Q4,,,,,,,
SGPvsFIJ_20260708,3862.379556,10,SGP PEN,59,,,,,,,,,Obstruction,Jamie Lim,Q4,,,,,,,
SGPvsFIJ_20260708,3876.425867,10,SGP PEN,60,,,,,,,,,Contact,Anna Macinnes,Q4,,,,,,,
SGPvsFIJ_20260708,3926.672607,10,SGP PEN,61,,,,,,,,,Contact,Anna Macinnes,Q4,,,,,,,
SGPvsFIJ_20260708,3930.675064,10,SGP PEN,62,,,,,,,,,Contact,Faithmaria Lawrence,Q4,,,,,,,
SGPvsFIJ_20260708,3936.075311,10,SGP PEN,63,,,,,,,,,Contact,Sindhu Nair,Q4,,,,,,,
SGPvsFIJ_20260708,3952.574853,10,SGP PEN,64,,,,,,Circle Edge,YES,,Contact,Faithmaria Lawrence,"Q4, Q4",,,,,,,
SGPvsFIJ_20260708,3958.975279,10,SGP PEN,65,,,,,,,,,Contact,Faithmaria Lawrence,Q4,,,,,,,
SGPvsFIJ_20260708,4043.575338,10,SGP PEN,66,,,,,,,,,Contact,Jamie Lim,Q4,,,,,,,
SGPvsFIJ_20260708,4130.872229,10,SGP PEN,67,,,,,,,,,Contact,Anna Macinnes,Q4,,,,,,,
SGPvsFIJ_20260708,4137.278177,10,SGP PEN,68,,,,,,,,,Contact,Faithmaria Lawrence,Q4,,,,,,,
SGPvsFIJ_20260708,4172.075414,10,SGP PEN,69,,,,,,,,,Obstruction,Sindhu Nair,Q4,,,,,,,
SGPvsFIJ_20260708,4179.275012,10,SGP PEN,70,,,,,,,,,Obstruction,Jamie Lim,"Q4, Q4",,Inner Left,,,,,
SGPvsFIJ_20260708,4219.922722,10,SGP PEN,71,,,,,,,,,Obstruction,Sindhu Nair,Q4,,,,,,,
SGPvsFIJ_20260708,4263.775405,10,SGP PEN,72,,,,,,,,,Contact,Anna Macinnes,Q4,,,,,,,
SGPvsFIJ_20260708,4348.576959,10,SGP PEN,73,,,,,,,,,Contact,Faithmaria Lawrence,Q4,,,,,,,
SGPvsFIJ_20260708,4374.977793,10,SGP PEN,74,,,,,,,,,Contact,Anna Macinnes,Q4,,,,,,,
SGPvsFIJ_20260708,4386.376899,10,SGP PEN,75,,,,,,,,,Contact,Sindhu Nair,Q4,,,,,,,
SGPvsFIJ_20260708,4474.275462,10,SGP PEN,76,,,,,,,,,Contact,Jamie Lim,Q4,,,,,,,
SGPvsFIJ_20260708,4570.974796,10,SGP PEN,77,,,,,,,,,Contact,Faithmaria Lawrence,Q4,,,,,,,
SGPvsFIJ_20260708,4666.914633,10,SGP PEN,78,,,,,,,,,Obstruction,Sindhu Nair,Q4,,,,,,,
SGPvsFIJ_20260708,4776.575356,10,SGP PEN,79,,,,,,,,,Contact,Sindhu Nair,Q4,,,,,,,
SGPvsFIJ_20260708,4786.473722,10,SGP PEN,80,,,,,,,,,Contact,Jamie Lim,"Q4, Q4",GA,Inner Right,OPP Goal,,,,
SGPvsFIJ_20260708,475.7479778,8,SGP Deflection,1,,,,,No,,,,,Rachel Ling,Q1,,,,,,,
SGPvsFIJ_20260708,485.3719444,8,SGP Deflection,2,,,,,No,,,,,Reena Divya,Q1,,,,,,,
SGPvsFIJ_20260708,782.2918667,8,SGP Deflection,3,,,,,No,,,,,Angelina Lim,Q1,,,,,,,
SGPvsFIJ_20260708,1431.564733,8,SGP Deflection,4,,,,,Yes,,,,,Toh Kai Wei,Q4,,,,,,,
SGPvsFIJ_20260708,1503.455978,8,SGP Deflection,5,,,,,No,,,,,Toh Kai Wei,Q2,,,,,,,
SGPvsFIJ_20260708,1511.7702,8,SGP Deflection,6,,,,,No,,,,,Jamie Lim,Q2,,,,,,,
SGPvsFIJ_20260708,2955.987822,8,SGP Deflection,7,,,,,,,,,,Toh Kai Wei,Q3,,,,,,,
SGPvsFIJ_20260708,2974.875656,8,SGP Deflection,8,,,,,,,,,,Toh Kai Wei,Q3,,,,,,,
SGPvsFIJ_20260708,2984.016878,8,SGP Deflection,9,,,,,,,,,,Jamie Lim,Q3,,,,,,,
SGPvsFIJ_20260708,3152.566422,8,SGP Deflection,10,,,,,No,,,,,Angelina Lim,Q3,,,,,,,
SGPvsFIJ_20260708,3424.613489,8,SGP Deflection,11,,,,,No,,,,,Faithmaria Lawrence,Q3,,,,,,,
SGPvsFIJ_20260708,3886.819056,8,SGP Deflection,12,,,,,No,,,,,Jamie Lim,Q4,,,,,,,
SGPvsFIJ_20260708,3961.895211,8,SGP Deflection,13,,,,,No,,,,,Sindhu Nair,Q4,,,,,,,
SGPvsFIJ_20260708,4220.178056,8,SGP Deflection,14,,,,,,,,,,Sindhu Nair,Q4,,,,,,,
SGPvsFIJ_20260708,4335.084889,8,SGP Deflection,15,,,,,No,,,,,Anna Macinnes,Q4,,,,,,,
SGPvsFIJ_20260708,4610.913489,8,SGP Deflection,16,,,,,No,,,,,Sindhu Nair,Q4,,,,,,,
SGPvsFIJ_20260708,4644.3777,8,SGP Deflection,17,,,,,Yes,,,,,Tan Yi Jie,Q4,,,,,,,
SGPvsFIJ_20260708,4659.669278,8,SGP Deflection,18,,,,,No,,,,,Sindhu Nair,Q4,,,,,,,
SGPvsFIJ_20260708,1982.784056,6,SGP Att Rebound,1,,,,,,,,,,Goh Wei Ping,Q2,,,,,,,
SGPvsFIJ_20260708,3335.7492,6,SGP Att Rebound,2,,,,,,,,,,Goh Wei Ping,Q3,,,,,,,
SGPvsFIJ_20260708,12.87465729,20.70429476,SGP CPD,1,Center Right Attack,GD,,,,Circle Edge,YES,,,,"Q1, Q1, Q1, Q1",GS,Inner Right,OPP Goal,,,,
SGPvsFIJ_20260708,86.77598428,47.10269451,SGP CPD,2,,Not Taken,,,,"Outside Circle, Circle Edge, Circle Edge","NO, YES, YES",,,,"Q1, Q1, Q1, Q1, Q1, Q1, Q1, Q1, Q1",GA,Inner Middle,SGP Goal,,,,
SGPvsFIJ_20260708,158.9718753,22.40787647,SGP CPD,3,Center Left Attack,WA,,Not Taken,,Outside Circle,YES,,,,"Q1, Q1, Q1, Q1, Q1",GS,Inner Left,OPP Goal,,,,
SGPvsFIJ_20260708,202.9870049,23.99317363,SGP CPD,4,,Not Taken,,,,Circle Edge,YES,,,,"Q1, Q1, Q1, Q1, Q1, Q1",GS,Inner Right,OPP Goal,,,,
SGPvsFIJ_20260708,247.377881,18.00178728,SGP CPD,5,Center Mid Attack,GA,Attacking Right,C,,Circle Edge,YES,,,,"Q1, Q1, Q1",GA,Inner Middle,OPP Goal,,,,
SGPvsFIJ_20260708,294.6777437,75.5010423,SGP CPD,6,Center Left Attack,WA,Center Right Attack,GD,,"Circle Edge, Circle Edge, Outside Circle","YES, NO, YES",,,,"Q1, Q1, Q1, Q1, Q1, Q1, Q1, Q1, Q1, Q1",GS,Inner Right,SGP Goal,,,,
SGPvsFIJ_20260708,471.3754843,88.70160975,SGP CPD,7,Center Left Attack,GA,Center Left Attack,WD,,"Circle Edge, Circle Edge, Circle Edge","NO, NO, YES",,,,"Q1, Q1, Q1, Q1, Q1, Q1, Q1, Q1, Q1, Q1",GS,Inner Right,SGP Goal,,,,
SGPvsFIJ_20260708,585.9759319,27.30335863,SGP CPD,8,Center Left Attack,WA,Center Mid Attack,C,,Circle Edge,YES,,,,"Q1, Q1, Q1, Q1, Q1","GA, GA","Inner Left, Inner Left","OPP Miss, OPP Goal",,,,
SGPvsFIJ_20260708,669.0758775,39.90385451,SGP CPD,9,Center Mid Defense,WD,,Not Taken,,"Circle Edge, Circle Edge","YES, YES",,,,"Q1, Q1, Q1, Q1, Q1, Q1, Q1",GS,Inner Left,SGP Goal,,,,
SGPvsFIJ_20260708,725.1751213,40.00401368,SGP CPD,10,Center Mid Attack,WA,,Not Taken,,Circle Edge,YES,,,,"Q1, Q1, Q1, Q1, Q1, Q1",GA,Inner Right,SGP Goal,,,,
SGPvsFIJ_20260708,828.7749276,81.70404449,SGP CPD,11,Center Right Attack,WA,,Not Taken,,"Circle Edge, Outside Circle, Circle Edge","YES, YES, YES",,,,"Q1, Q1, Q1, Q1, Q1, Q1, Q1, Q1, Q1, Q1, Q1, Q1","GA, GS","Outer Middle, Inner Middle","SGP Miss, OPP Goal",,,,
SGPvsFIJ_20260708,1187.474547,13.00168941,SGP CPD,12,Center Left Attack,GA,Center Left Attack,C,,Circle Edge,YES,,,,"Q2, Q2, Q2",GA,Inner Left,OPP Goal,,,,
SGPvsFIJ_20260708,1225.974855,164.4036464,SGP CPD,13,Center Mid Defense,WD,,Not Taken,,"Circle Edge, Circle Edge, Outside Circle, Outside Circle, Circle Edge, Circle Edge","NO, YES, NO, YES, YES, YES",,,,"Q2, Q2, Q2, Q2, Q2, Q2, Q2, Q2, Q2, Q2, Q2, Q2, Q2, Q2, Q2, Q2, Q2, Q2, Q2","GS, GA, GS","Inner Middle, Outer Right, Inner Left","SGP Miss, SGP Miss, SGP Goal",,,,
SGPvsFIJ_20260708,1469.57505,24.20373757,SGP CPD,14,Center Left Attack,WA,Center Left Attack,C,,"Circle Edge, Circle Edge","YES, YES",,,,"Q2, Q2, Q2, Q2, Q2",GA,Inner Middle,OPP Goal,,,,
SGPvsFIJ_20260708,1535.671869,25.30689337,SGP CPD,15,Center Left Attack,GA,Attacking Middle,C,,Circle Edge,YES,,,,"Q2, Q2, Q2, Q2, Q2, Q2",GS,Inner Right,OPP Goal,,,,
SGPvsFIJ_20260708,1600.577302,32.19741381,SGP CPD,16,Center Left Attack,WA,Attacking Left,C,,"Outside Circle, Circle Edge, Circle Edge","YES, YES, YES",,,,"Q2, Q2, Q2, Q2, Q2, Q2, Q2",GS,Inner Middle,OPP Goal,,,,
SGPvsFIJ_20260708,1659.476335,20.70209764,SGP CPD,17,Center Mid Defense,WD,Center Mid Attack,C,,"Outside Circle, Circle Edge","YES, YES",,,,"Q2, Q2, Q2, Q2",GS,Inner Left,OPP Goal,,,,
SGPvsFIJ_20260708,1699.175214,25.51086124,SGP CPD,18,Center Left Defense,GD,Center Mid Defense,WD,,"Outside Circle, Circle Edge","YES, YES",,,,"Q2, Q2, Q2, Q2, Q2",GS,Inner Left,OPP Goal,,,,
SGPvsFIJ_20260708,1752.976655,75.20302585,SGP CPD,19,Center Mid Attack,WA,Center Mid Attack,C,,"Circle Edge, Circle Edge, Outside Circle, Outside Circle","YES, NO, NO, NO",,,,"Q2, Q2, Q2, Q2, Q2, Q2, Q2, Q2, Q2, Q2, Q2",GA,Inner Right,OPP Goal,,,,
SGPvsFIJ_20260708,1844.874473,21.18841123,SGP CPD,20,Center Left Attack,WD,Center Left Attack,C,,Outside Circle,YES,,,,"Q2, Q2, Q2, Q2, Q2",GS,Inner Right,OPP Goal,,,,
SGPvsFIJ_20260708,1884.922478,37.76435556,SGP CPD,21,Center Mid Defense,WD,Center Right Defense,GD,,Circle Edge,YES,,,,"Q2, Q2, Q2, Q2, Q2",GS,Inner Left,SGP Goal,,,,
SGPvsFIJ_20260708,1948.274634,22.91566446,SGP CPD,22,Center Mid Defense,WD,Center Left Attack,GA,,"Outside Circle, Inside Circle, Inside Circle, Circle Edge","YES, YES, YES, YES",,,,"Q2, Q2, Q2, Q2, Q2, Q2, Q2",GS,Inner Right,OPP Goal,,,,
SGPvsFIJ_20260708,1999.473229,50.90577924,SGP CPD,23,Center Mid Defense,WD,Center Left Attack,WA,,"Circle Edge, Outside Circle, Inside Circle, Circle Edge","NO, YES, YES, YES",,,,"Q2, Q2, Q2, Q2, Q2, Q2, Q2, Q2, Q2",GA,Inner Left,SGP Goal,,,,
SGPvsFIJ_20260708,2075.395156,22.29102222,SGP CPD,24,Center Right Attack,GA,,Not Taken,,"Circle Edge, Circle Edge","YES, YES",,,,"Q2, Q2, Q2, Q2, Q2, Q2",GA,Inner Left,OPP Goal,,,,
SGPvsFIJ_20260708,2130.578632,16.30004755,SGP CPD,25,Center Left Attack,GA,Center Left Attack,C,,Outside Circle,YES,,,,"Q2, Q2, Q2",GS,Outer Left,OPP Miss,,,,
SGPvsFIJ_20260708,2655.678364,35.3001932,SGP CPD,26,Center Right Attack,WA,Attacking Left,GA,,"Circle Edge, Circle Edge","NO, YES",,,,"Q3, Q3, Q3, Q3, Q3",GA,Outer Middle,SGP Goal,,,,
SGPvsFIJ_20260708,2715.578613,79.80035097,SGP CPD,27,Center Mid Attack,WD,Center Mid Attack,WA,,"Outside Circle, Inside Circle, Circle Edge","NO, YES, YES",,,,"Q3, Q3, Q3, Q3, Q3, Q3, Q3, Q3, Q3, Q3, Q3, Q3, Q3","GS, GA","Inner Right, Inner Left","SGP Miss, SGP Goal",,,,
SGPvsFIJ_20260708,2834.974083,17.10583853,SGP CPD,28,Center Right Defense,GD,Center Right Attack,WA,,Outside Circle,YES,,,,"Q3, Q3, Q3, Q3",GS,Inner Left,OPP Goal,,,,
SGPvsFIJ_20260708,2891.975148,24.90191705,SGP CPD,29,Center Mid Attack,GA,,Not Taken,,Circle Edge,YES,,,,"Q3, Q3, Q3, Q3",GA,Inner Left,OPP Goal,,,,
SGPvsFIJ_20260708,3022.176459,22.50131295,SGP CPD,30,Center Right Attack,GA,,Not Taken,,Outside Circle,YES,,,,"Q3, Q3, Q3, Q3, Q3","GS, GA","Inner Middle, Inner Middle","OPP Miss, OPP Goal",,,,
SGPvsFIJ_20260708,3082.380748,55.79945798,SGP CPD,31,Center Mid Attack,WA,Attacking Left,GA,,"Outside Circle, Outside Circle","YES, YES",,,,"Q3, Q3, Q3, Q3, Q3, Q3",GS,Inner Right,OPP Goal,,,,
SGPvsFIJ_20260708,3155.580711,17.49761675,SGP CPD,32,,Not Taken,,,,Circle Edge,YES,,,,"Q3, Q3, Q3, Q3",GA,Inner Right,SGP Goal,,,,
SGPvsFIJ_20260708,3204.972382,16.10459284,SGP CPD,33,Center Mid Defense,WD,Center Mid Attack,WA,,Outside Circle,YES,,,,"Q3, Q3, Q3, Q3",GA,Inner Right,OPP Goal,,,,
SGPvsFIJ_20260708,3240.476586,41.10147597,SGP CPD,34,Center Mid Attack,GA,Center Mid Attack,C,,Circle Edge,YES,,,,"Q3, Q3, Q3, Q3",GA,Outer Left,SGP Goal,,,,
SGPvsFIJ_20260708,3305.573711,28.20538857,SGP CPD,35,Center Left Attack,GA,Center Mid Attack,C,,Outside Circle,YES,,,,"Q3, Q3, Q3, Q3",GA,Inner Right,OPP Goal,,,,
SGPvsFIJ_20260708,3349.575189,38.00274929,SGP CPD,36,Center Left Attack,GA,Attacking Left Pocket,WA,,"Circle Edge, Circle Edge, Circle Edge","YES, YES, YES",,,,"Q3, Q3, Q3, Q3, Q3, Q3, Q3","GS, GS","Inner Right, Inner Right","OPP Miss, OPP Goal",,,,
SGPvsFIJ_20260708,3466.87076,57.70534682,SGP CPD,37,Center Left Attack,WA,Center Left Attack,WD,,"Circle Edge, Outside Circle, Outside Circle","NO, YES, YES",,,,"Q3, Q3, Q3, Q3, Q3, Q3, Q3, Q3",GA,Inner Left,OPP Goal,,,,
SGPvsFIJ_20260708,3804.879735,31.49855532,SGP CPD,38,Center Mid Attack,WD,,Not Taken,,"Circle Edge, Inside Circle","YES, YES",,,,"Q4, Q4, Q4, Q4, Q4, Q4, Q4",GA,Inner Right,OPP Goal,,,,
SGPvsFIJ_20260708,3877.574674,24.90395633,SGP CPD,39,Center Right Attack,GA,Center Right Attack,WD,,"Circle Edge, Inside Circle","NO, YES",,,,"Q4, Q4, Q4, Q4",GS,Inner Left,OPP Goal,,,,
SGPvsFIJ_20260708,3926.272422,48.10669965,SGP CPD,40,Center Left Attack,GA,Center Mid Attack,C,,"Circle Edge, Circle Edge","YES, YES",,,,"Q4, Q4, Q4, Q4, Q4, Q4, Q4, Q4, Q4",GS,Inner Left,OPP Goal,,,,
SGPvsFIJ_20260708,3999.17427,15.29893013,SGP CPD,41,Center Left Attack,WA,Attacking Middle,C,,Circle Edge,YES,,,,"Q4, Q4, Q4",GS,Inner Middle,OPP Goal,,,,
SGPvsFIJ_20260708,4046.67534,48.90351793,SGP CPD,42,,Not Taken,,,,"Outside Circle, Circle Edge, Circle Edge","YES, YES, YES",,,,"Q4, Q4, Q4, Q4, Q4, Q4, Q4, Q4, Q4, Q4","GS, GS","Inner Middle, Inner Right","OPP Miss, SGP Goal",,,,
SGPvsFIJ_20260708,4132.073476,58.50451586,SGP CPD,43,Center Mid Attack,WD,,Not Taken,,Inside Circle,YES,,,,"Q4, Q4, Q4, Q4, Q4, Q4, Q4, Q4, Q4",GA,Inner Left,OPP Goal,,,,
SGPvsFIJ_20260708,4219.145,12.96728889,SGP CPD,44,Center Right Attack,WA,,Not Taken,,"Outside Circle, Inside Circle","YES, YES",,,,"Q4, Q4, Q4, Q4, Q4, Q4",GA,Inner Middle,OPP Goal,,,,
SGPvsFIJ_20260708,4260.080196,51.19827351,SGP CPD,45,Center Mid Attack,WD,Center Mid Attack,C,,"Circle Edge, Inside Circle","YES, YES",,,,"Q4, Q4, Q4, Q4, Q4, Q4, Q4, Q4, Q4",GS,Inner Left,SGP Goal,,,,
SGPvsFIJ_20260708,4374.670152,45.40525233,SGP CPD,46,Center Mid Attack,WD,,Not Taken,,Outside Circle,YES,,,,"Q4, Q4, Q4, Q4, Q4",GS,Inner Left,OPP Goal,,,,
SGPvsFIJ_20260708,4472.074672,23.00443446,SGP CPD,47,Center Mid Attack,WA,Center Left Attack,GD,,Outside Circle,YES,,,,"Q4, Q4, Q4, Q4",GA,Inner Right,OPP Goal,,,,
SGPvsFIJ_20260708,4525.879221,19.70015021,SGP CPD,48,Center Right Attack,WA,Center Right Defense,WD,,"Outside Circle, Circle Edge, Inside Circle","YES, YES, YES",,,,"Q4, Q4, Q4, Q4, Q4",GA,Inner Right,OPP Goal,,,,
SGPvsFIJ_20260708,4607.474243,21.10408116,SGP CPD,49,Center Right Attack,GA,Attacking Right,WA,,"Outside Circle, Inside Circle, Circle Edge","YES, NO, YES",,,,"Q4, Q4, Q4, Q4, Q4, Q4","GS, GS","Inner Right, Inner Right","OPP Miss, OPP Goal",,,,
SGPvsFIJ_20260708,4644.479189,40.79943556,SGP CPD,50,Center Right Attack,WA,,Not Taken,,Circle Edge,YES,,,,"Q4, Q4, Q4, Q4, Q4",GS,Inner Right,OPP Goal,,,,
SGPvsFIJ_20260708,4703.075026,16.60342698,SGP CPD,51,Center Left Attack,WA,Attacking Right Pocket,C,,Outside Circle,YES,,,,"Q4, Q4, Q4, Q4","GA, GS","Inner Right, Inner Left","OPP Miss, OPP Goal",,,,
SGPvsFIJ_20260708,12.87465729,20.70429476,SGP DCPD,1,,,,,,Circle Edge,YES,,,,"Q1, Q1, Q1, Q1",GS,Inner Right,OPP Goal,,,,
SGPvsFIJ_20260708,86.77598428,18.29840894,SGP DCPD,2,,,,,,Outside Circle,NO,,,,"Q1, Q1, Q1",,,,,,,
SGPvsFIJ_20260708,158.9718753,22.40787647,SGP DCPD,3,,,,,,Outside Circle,YES,,,,"Q1, Q1, Q1, Q1, Q1",GS,Inner Left,OPP Goal,,,,
SGPvsFIJ_20260708,202.9870049,23.99317363,SGP DCPD,4,,,,,,Circle Edge,YES,,,,"Q1, Q1, Q1, Q1, Q1, Q1",GS,Inner Right,OPP Goal,,,,
SGPvsFIJ_20260708,247.377881,18.00178728,SGP DCPD,5,,,,,,Circle Edge,YES,,,,"Q1, Q1, Q1",GA,Inner Middle,OPP Goal,,,,
SGPvsFIJ_20260708,294.6777437,34.79729707,SGP DCPD,6,,,,,,"Circle Edge, Circle Edge","YES, NO",,,,"Q1, Q1, Q1, Q1",,,,,,,
SGPvsFIJ_20260708,471.3754843,44.79913176,SGP DCPD,7,,,,,,"Circle Edge, Circle Edge","NO, NO",,,,"Q1, Q1, Q1",,,,,,,
SGPvsFIJ_20260708,585.9759319,27.30335863,SGP DCPD,8,,,,,,Circle Edge,YES,,,,"Q1, Q1, Q1, Q1, Q1","GA, GA","Inner Left, Inner Left","OPP Miss, OPP Goal",,,,
SGPvsFIJ_20260708,669.0758775,9.897387351,SGP DCPD,9,,,,,,,,,,,"Q1, Q1",,,,,,,
SGPvsFIJ_20260708,725.1751213,14.40056192,SGP DCPD,10,,,,,,,,,,,"Q1, Q1",,,,,,,
SGPvsFIJ_20260708,828.7749276,7.600626679,SGP DCPD,11,,,,,,,,,,,Q1,,,,,,,
SGPvsFIJ_20260708,1187.474547,13.00168941,SGP DCPD,12,,,,,,Circle Edge,YES,,,,"Q2, Q2, Q2",GA,Inner Left,OPP Goal,,,,
SGPvsFIJ_20260708,1225.974855,7.898838674,SGP DCPD,13,,,,,,,,,,,Q2,,,,,,,
SGPvsFIJ_20260708,1469.57505,24.20373757,SGP DCPD,14,,,,,,"Circle Edge, Circle Edge","YES, YES",,,,"Q2, Q2, Q2, Q2, Q2",GA,Inner Middle,OPP Goal,,,,
SGPvsFIJ_20260708,1535.671869,25.30689337,SGP DCPD,15,,,,,,Circle Edge,YES,,,,"Q2, Q2, Q2, Q2, Q2, Q2",GS,Inner Right,OPP Goal,,,,
SGPvsFIJ_20260708,1600.577302,32.19741381,SGP DCPD,16,,,,,,"Outside Circle, Circle Edge, Circle Edge","YES, YES, YES",,,,"Q2, Q2, Q2, Q2, Q2, Q2, Q2",GS,Inner Middle,OPP Goal,,,,
SGPvsFIJ_20260708,1659.476335,20.70209764,SGP DCPD,17,,,,,,"Outside Circle, Circle Edge","YES, YES",,,,"Q2, Q2, Q2, Q2",GS,Inner Left,OPP Goal,,,,
SGPvsFIJ_20260708,1699.175214,25.51086124,SGP DCPD,18,,,,,,"Outside Circle, Circle Edge","YES, YES",,,,"Q2, Q2, Q2, Q2, Q2",GS,Inner Left,OPP Goal,,,,
SGPvsFIJ_20260708,1752.976655,24.29466692,SGP DCPD,19,,,,,,"Circle Edge, Circle Edge","YES, NO",,,,"Q2, Q2, Q2",,,,,,,
SGPvsFIJ_20260708,1844.874473,21.18841123,SGP DCPD,20,,,,,,Outside Circle,YES,,,,"Q2, Q2, Q2, Q2, Q2",GS,Inner Right,OPP Goal,,,,
SGPvsFIJ_20260708,1884.922478,13.92635556,SGP DCPD,21,Center Mid Defense,WD,Center Right Defense,GD,,,,,,,Q2,,,,,,,
SGPvsFIJ_20260708,1948.274634,22.91566446,SGP DCPD,22,,,,,,"Outside Circle, Inside Circle, Inside Circle, Circle Edge","YES, YES, YES, YES",,,,"Q2, Q2, Q2, Q2, Q2, Q2, Q2",GS,Inner Right,OPP Goal,,,,
SGPvsFIJ_20260708,1999.473229,12.90144781,SGP DCPD,23,,,,,,Circle Edge,NO,,,,"Q2, Q2",,,,,,,
SGPvsFIJ_20260708,2075.395156,22.29102222,SGP DCPD,24,Center Right Attack,GA,,Not Taken,,"Circle Edge, Circle Edge","YES, YES",,,,"Q2, Q2, Q2, Q2, Q2, Q2",GA,Inner Left,OPP Goal,,,,
SGPvsFIJ_20260708,2130.578632,18.20041414,SGP DCPD,25,,,,,,Outside Circle,YES,,,,"Q2, Q2, Q2",GS,Outer Left,OPP Miss,,,,
SGPvsFIJ_20260708,2655.678364,11.19024803,SGP DCPD,26,,,,,,Circle Edge,NO,,,,"Q3, Q3",,,,,,,
SGPvsFIJ_20260708,2715.578613,8.196965342,SGP DCPD,27,,,,,,Outside Circle,NO,,,,"Q3, Q3",,,,,,,
SGPvsFIJ_20260708,2834.974083,17.10583853,SGP DCPD,28,,,,,,Outside Circle,YES,,,,"Q3, Q3, Q3, Q3",GS,Inner Left,OPP Goal,,,,
SGPvsFIJ_20260708,2891.975148,24.90191705,SGP DCPD,29,,,,,,Circle Edge,YES,,,,"Q3, Q3, Q3, Q3",GA,Inner Left,OPP Goal,,,,
SGPvsFIJ_20260708,3022.176459,22.50131295,SGP DCPD,30,,,,,,Outside Circle,YES,,,,"Q3, Q3, Q3, Q3, Q3","GS, GA","Inner Middle, Inner Middle","OPP Miss, OPP Goal",,,,
SGPvsFIJ_20260708,3082.380748,12.2940577,SGP DCPD,31,,,,,,,,,,,Q3,,,,,,,
SGPvsFIJ_20260708,3155.580711,9.290566246,SGP DCPD,32,,,,,,,,,,,Q3,,,,,,,
SGPvsFIJ_20260708,3204.972382,16.10459284,SGP DCPD,33,,,,,,Outside Circle,YES,,,,"Q3, Q3, Q3, Q3",GA,Inner Right,OPP Goal,,,,
SGPvsFIJ_20260708,3240.476586,15.79831948,SGP DCPD,34,,,,,,,,,,,Q3,,,,,,,
SGPvsFIJ_20260708,3305.573711,28.20538857,SGP DCPD,35,,,,,,Outside Circle,YES,,,,"Q3, Q3, Q3, Q3",GA,Inner Right,OPP Goal,,,,
SGPvsFIJ_20260708,3349.575189,38.00274929,SGP DCPD,36,,,,,,"Circle Edge, Circle Edge, Circle Edge","YES, YES, YES",,,,"Q3, Q3, Q3, Q3, Q3, Q3, Q3","GS, GS","Inner Right, Inner Right","OPP Miss, OPP Goal",,,,
SGPvsFIJ_20260708,3466.87076,14.10449845,SGP DCPD,37,,,,,,Circle Edge,NO,,,,"Q3, Q3",,,,,,,
SGPvsFIJ_20260708,3804.879735,31.49855532,SGP DCPD,38,,,,,,"Circle Edge, Inside Circle","YES, YES",,,,"Q4, Q4, Q4, Q4, Q4, Q4, Q4",GA,Inner Right,OPP Goal,,,,
SGPvsFIJ_20260708,3877.574674,24.90395633,SGP DCPD,39,,,,,,"Circle Edge, Inside Circle","NO, YES",,,,"Q4, Q4, Q4, Q4",GS,Inner Left,OPP Goal,,,,
SGPvsFIJ_20260708,3926.272422,48.10669965,SGP DCPD,40,,,,,,"Circle Edge, Circle Edge","YES, YES",,,,"Q4, Q4, Q4, Q4, Q4, Q4, Q4, Q4, Q4",GS,Inner Left,OPP Goal,,,,
SGPvsFIJ_20260708,3999.17427,15.29893013,SGP DCPD,41,,,,,,Circle Edge,YES,,,,"Q4, Q4, Q4",GS,Inner Middle,OPP Goal,,,,
SGPvsFIJ_20260708,4046.67534,24.89977966,SGP DCPD,42,,,,,,Outside Circle,YES,,,,"Q4, Q4, Q4, Q4",GS,Inner Middle,OPP Miss,,,,
SGPvsFIJ_20260708,4132.073476,29.30016009,SGP DCPD,43,,,,,,,,,,,"Q4, Q4, Q4",,,,,,,
SGPvsFIJ_20260708,4219.145,12.96728889,SGP DCPD,44,Center Right Attack,WA,,Not Taken,,"Outside Circle, Inside Circle","YES, YES",,,,"Q4, Q4, Q4, Q4, Q4, Q4",GA,Inner Middle,OPP Goal,,,,
SGPvsFIJ_20260708,4260.080196,24.1941912,SGP DCPD,45,,,,,,Circle Edge,YES,,,,"Q4, Q4, Q4",,,,,,,
SGPvsFIJ_20260708,4374.670152,45.40525233,SGP DCPD,46,,,,,,Outside Circle,YES,,,,"Q4, Q4, Q4, Q4, Q4",GS,Inner Left,OPP Goal,,,,
SGPvsFIJ_20260708,4472.074672,23.00443446,SGP DCPD,47,,,,,,Outside Circle,YES,,,,"Q4, Q4, Q4, Q4",GA,Inner Right,OPP Goal,,,,
SGPvsFIJ_20260708,4525.879221,19.70015021,SGP DCPD,48,,,,,,"Outside Circle, Circle Edge, Inside Circle","YES, YES, YES",,,,"Q4, Q4, Q4, Q4, Q4",GA,Inner Right,OPP Goal,,,,
SGPvsFIJ_20260708,4607.474243,21.10408116,SGP DCPD,49,,,,,,"Outside Circle, Inside Circle, Circle Edge","YES, NO, YES",,,,"Q4, Q4, Q4, Q4, Q4, Q4","GS, GS","Inner Right, Inner Right","OPP Miss, OPP Goal",,,,
SGPvsFIJ_20260708,4644.479189,7.897401976,SGP DCPD,50,,,,,,,,,,,Q4,,,,,,,
SGPvsFIJ_20260708,4703.075026,16.60342698,SGP DCPD,51,,,,,,Outside Circle,YES,,,,"Q4, Q4, Q4, Q4","GA, GS","Inner Right, Inner Left","OPP Miss, OPP Goal",,,,
SGPvsFIJ_20260708,24.17466343,5.18036898,OPP Feed,1,,,,,,Circle Edge,YES,,,,Q1,,,,,,,
SGPvsFIJ_20260708,76.39343136,5.171025793,OPP Feed,2,,,,,,Circle Edge,YES,,,,Q1,,,,,,,
SGPvsFIJ_20260708,98.07456281,5.186758917,OPP Feed,3,,,,,,Outside Circle,NO,,,,Q1,,,,,,,
SGPvsFIJ_20260708,169.9726088,5.20303081,OPP Feed,4,,,,,,Outside Circle,YES,,,,Q1,,,,,,,
SGPvsFIJ_20260708,215.1667087,5.50885652,OPP Feed,5,,,,,,Circle Edge,YES,,,,Q1,,,,,,,
SGPvsFIJ_20260708,255.473572,5.125939605,OPP Feed,6,,,,,,Circle Edge,YES,,,,Q1,,,,,,,
SGPvsFIJ_20260708,284.6745405,5.186649729,OPP Feed,7,,,,,,Circle Edge,YES,,,,Q1,,,,,,,
SGPvsFIJ_20260708,322.0742603,5.203084076,OPP Feed,8,,,,,,Circle Edge,NO,,,,Q1,,,,,,,
SGPvsFIJ_20260708,416.5764525,5.192145176,OPP Feed,9,,,,,,Circle Edge,NO,,,,Q1,,,,,,,
SGPvsFIJ_20260708,488.2753013,5.199656634,OPP Feed,10,,,,,,Circle Edge,NO,,,,Q1,,,,,,,
SGPvsFIJ_20260708,508.6754887,5.200121316,OPP Feed,11,,,,,,Circle Edge,NO,,,,Q1,,,,,,,
SGPvsFIJ_20260708,593.1743612,5.299323719,OPP Feed,12,,,,,,Circle Edge,YES,,,,Q1,,,,,,,
SGPvsFIJ_20260708,648.4741127,5.200425549,OPP Feed,13,,,,,,Circle Edge,YES,,,,Q1,,,,,,,
SGPvsFIJ_20260708,649.1755159,5.40009107,OPP Feed,14,,,,,,Circle Edge,YES,,,,Q1,,,,,,,
SGPvsFIJ_20260708,791.0010889,5,OPP Feed,15,,,,,,Outside Circle,YES,,,,Q1,,,,,,,
SGPvsFIJ_20260708,891.7771952,5.198115694,OPP Feed,16,,,,,,Outside Circle,YES,,,,Q1,,,,,,,
SGPvsFIJ_20260708,895.7752436,5.201927703,OPP Feed,17,,,,,,Circle Edge,YES,,,,Q1,,,,,,,
SGPvsFIJ_20260708,1191.172545,5.31440575,OPP Feed,18,,,,,,Circle Edge,YES,,,,Q2,,,,,,,
SGPvsFIJ_20260708,1344.975012,5.199671028,OPP Feed,19,,,,,,Outside Circle,NO,,,,Q2,,,,,,,
SGPvsFIJ_20260708,1482.573543,5.195871398,OPP Feed,20,,,,,,Circle Edge,YES,,,,Q2,,,,,,,
SGPvsFIJ_20260708,1483.773622,5.202879824,OPP Feed,21,,,,,,Circle Edge,YES,,,,Q2,,,,,,,
SGPvsFIJ_20260708,1512.779068,5.193898592,OPP Feed,22,,,,,,Outside Circle,YES,,,,Q2,,,,,,,
SGPvsFIJ_20260708,1513.975336,5.599932851,OPP Feed,23,,,,,,Circle Edge,YES,,,,Q2,,,,,,,
SGPvsFIJ_20260708,1524.875433,5.299377064,OPP Feed,24,,,,,,Circle Edge,YES,,,,Q2,,,,,,,
SGPvsFIJ_20260708,1548.274299,5.30182958,OPP Feed,25,,,,,,Circle Edge,YES,,,,Q2,,,,,,,
SGPvsFIJ_20260708,1611.272966,5.101761935,OPP Feed,26,,,,,,Outside Circle,YES,,,,Q2,,,,,,,
SGPvsFIJ_20260708,1618.974482,5.282322402,OPP Feed,27,,,,,,Circle Edge,YES,,,,Q2,,,,,,,
SGPvsFIJ_20260708,1622.174124,5.195567704,OPP Feed,28,,,,,,Circle Edge,YES,,,,Q2,,,,,,,
SGPvsFIJ_20260708,1667.674845,5.197641159,OPP Feed,29,,,,,,Outside Circle,YES,,,,Q2,,,,,,,
SGPvsFIJ_20260708,1670.475101,5.203877307,OPP Feed,30,,,,,,Circle Edge,YES,,,,Q2,,,,,,,
SGPvsFIJ_20260708,1711.873898,5.200043491,OPP Feed,31,,,,,,Outside Circle,YES,,,,Q2,,,,,,,
SGPvsFIJ_20260708,1714.175166,5.191656481,OPP Feed,32,,,,,,Circle Edge,YES,,,,Q2,,,,,,,
SGPvsFIJ_20260708,1766.674725,5.297029885,OPP Feed,33,,,,,,Circle Edge,YES,,,,Q2,,,,,,,
SGPvsFIJ_20260708,1769.97255,5.398891812,OPP Feed,34,,,,,,Circle Edge,NO,,,,Q2,,,,,,,
SGPvsFIJ_20260708,1806.47399,5.202343238,OPP Feed,35,,,,,,Outside Circle,NO,,,,Q2,,,,,,,
SGPvsFIJ_20260708,1855.672083,5.302845027,OPP Feed,36,,,,,,Outside Circle,YES,,,,Q2,,,,,,,
SGPvsFIJ_20260708,1954.273889,5.211496464,OPP Feed,37,,,,,,Outside Circle,YES,,,,Q2,,,,,,,
SGPvsFIJ_20260708,1957.47448,5.295780082,OPP Feed,38,,,,,,Inside Circle,YES,,,,Q2,,,,,,,
SGPvsFIJ_20260708,1959.172585,5.302052903,OPP Feed,39,,,,,,Inside Circle,YES,,,,Q2,,,,,,,
SGPvsFIJ_20260708,1960.571325,5.131454804,OPP Feed,40,,,,,,Circle Edge,YES,,,,Q2,,,,,,,
SGPvsFIJ_20260708,2006.073953,5.202724583,OPP Feed,41,,,,,,Circle Edge,NO,,,,Q2,,,,,,,
SGPvsFIJ_20260708,2087.469278,5,OPP Feed,42,,,,,,Circle Edge,YES,,,,Q2,,,,,,,
SGPvsFIJ_20260708,2088.693763,5.417185737,OPP Feed,43,,,,,,Circle Edge,YES,,,,Q2,,,,,,,
SGPvsFIJ_20260708,2135.374664,5.106984821,OPP Feed,44,,,,,,Outside Circle,YES,,,,Q2,,,,,,,
SGPvsFIJ_20260708,2659.774874,5.901728357,OPP Feed,45,,,,,,Circle Edge,NO,,,,Q3,,,,,,,
SGPvsFIJ_20260708,2717.97446,5.201518219,OPP Feed,46,,,,,,Outside Circle,NO,,,,Q3,,,,,,,
SGPvsFIJ_20260708,2823.575029,5.203819909,OPP Feed,47,,,,,,Circle Edge,YES,,,,Q3,,,,,,,
SGPvsFIJ_20260708,2841.575598,5.301279172,OPP Feed,48,,,,,,Outside Circle,YES,,,,Q3,,,,,,,
SGPvsFIJ_20260708,2907.676059,5.308482605,OPP Feed,49,,,,,,Circle Edge,YES,,,,Q3,,,,,,,
SGPvsFIJ_20260708,2983.709133,5,OPP Feed,50,,,,,,Circle Edge,NO,,,,Q3,,,,,,,
SGPvsFIJ_20260708,3007.085789,5,OPP Feed,51,,,,,,Inside Circle,YES,,,,Q3,,,,,,,
SGPvsFIJ_20260708,3030.174608,5.311856988,OPP Feed,52,,,,,,Outside Circle,YES,,,,Q3,,,,,,,
SGPvsFIJ_20260708,3032.869656,5,OPP Feed,53,,,,,,Inside Circle,NO,,,,,,,,,,,
SGPvsFIJ_20260708,3053.475412,6.497359458,OPP Feed,54,,,,,,Outside Circle,NO,,,,Q3,,,,,,,
SGPvsFIJ_20260708,3128.474237,5.300818911,OPP Feed,55,,,,,,Outside Circle,YES,,,,Q3,,,,,,,
SGPvsFIJ_20260708,3209.879141,5.296118792,OPP Feed,56,,,,,,Outside Circle,YES,,,,Q3,,,,,,,
SGPvsFIJ_20260708,3322.676639,5.300320867,OPP Feed,57,,,,,,Outside Circle,YES,,,,Q3,,,,,,,
SGPvsFIJ_20260708,3352.371001,5.203389717,OPP Feed,58,,,,,,Circle Edge,YES,,,,Q3,,,,,,,
SGPvsFIJ_20260708,3357.075485,5.18821409,OPP Feed,59,,,,,,Circle Edge,YES,,,,Q3,,,,,,,
SGPvsFIJ_20260708,3374.573839,5.302114909,OPP Feed,60,,,,,,Circle Edge,YES,,,,Q3,,,,,,,
SGPvsFIJ_20260708,3444.071123,5.195238901,OPP Feed,61,,,,,,Outside Circle,NO,,,,Q3,,,,,,,
SGPvsFIJ_20260708,3474.873738,5.297238715,OPP Feed,62,,,,,,Circle Edge,NO,,,,Q3,,,,,,,
SGPvsFIJ_20260708,3515.772455,5.303322829,OPP Feed,63,,,,,,Outside Circle,YES,,,,Q3,,,,,,,
SGPvsFIJ_20260708,3818.277824,5.302914968,OPP Feed,64,,,,,,Circle Edge,YES,,,,Q4,,,,,,,
SGPvsFIJ_20260708,3825.172173,5.302095629,OPP Feed,65,,,,,,Inside Circle,YES,,,,Q4,,,,,,,
SGPvsFIJ_20260708,3858.475492,5.299441843,OPP Feed,66,,,,,,Outside Circle,YES,,,,Q4,,,,,,,
SGPvsFIJ_20260708,3867.875269,5.308907904,OPP Feed,67,,,,,,Inside Circle,YES,,,,Q4,,,,,,,
SGPvsFIJ_20260708,3890.37482,5.400704031,OPP Feed,68,,,,,,Circle Edge,NO,,,,Q4,,,,,,,
SGPvsFIJ_20260708,3892.378085,5.395856736,OPP Feed,69,,,,,,Inside Circle,YES,,,,Q4,,,,,,,
SGPvsFIJ_20260708,3957.056919,5.323381891,OPP Feed,70,,,,,,Circle Edge,YES,,,,Q4,,,,,,,
SGPvsFIJ_20260708,3964.974739,5.310409436,OPP Feed,71,,,,,,Circle Edge,YES,,,,Q4,,,,,,,
SGPvsFIJ_20260708,4005.374927,5.189844295,OPP Feed,72,,,,,,Circle Edge,YES,,,,Q4,,,,,,,
SGPvsFIJ_20260708,4035.675078,5.297237416,OPP Feed,73,,,,,,Outside Circle,YES,,,,Q4,,,,,,,
SGPvsFIJ_20260708,4058.27522,5.304283372,OPP Feed,74,,,,,,Outside Circle,YES,,,,Q4,,,,,,,
SGPvsFIJ_20260708,4180.472864,5.302734843,OPP Feed,75,,,,,,Inside Circle,YES,,,,Q4,,,,,,,
SGPvsFIJ_20260708,4223.237933,5,OPP Feed,76,,,,,,Outside Circle,YES,,,,Q4,,,,,,,
SGPvsFIJ_20260708,4224.122178,5,OPP Feed,77,,,,,,Inside Circle,YES,,,,Q4,,,,,,,
SGPvsFIJ_20260708,4275.972977,5.310369759,OPP Feed,78,,,,,,Circle Edge,NO,,,,Q4,,,,,,,
SGPvsFIJ_20260708,4361.775089,5.325980609,OPP Feed,79,,,,,,Circle Edge,YES,,,,Q4,,,,,,,
SGPvsFIJ_20260708,4386.87441,5.600932263,OPP Feed,80,,,,,,Outside Circle,YES,,,,Q4,,,,,,,
SGPvsFIJ_20260708,4485.977879,5.292058096,OPP Feed,81,,,,,,Outside Circle,YES,,,,Q4,,,,,,,
SGPvsFIJ_20260708,4533.078204,5.200473646,OPP Feed,82,,,,,,Outside Circle,YES,,,,Q4,,,,,,,
SGPvsFIJ_20260708,4534.075427,5.296591114,OPP Feed,83,,,,,,Circle Edge,YES,,,,Q4,,,,,,,
SGPvsFIJ_20260708,4536.4743,5.400386228,OPP Feed,84,,,,,,Inside Circle,YES,,,,Q4,,,,,,,
SGPvsFIJ_20260708,4588.074645,5.317526942,OPP Feed,85,,,,,,Circle Edge,YES,,,,Q4,,,,,,,
SGPvsFIJ_20260708,4590.073423,5.399171433,OPP Feed,86,,,,,,Inside Circle,YES,,,,Q4,,,,,,,
SGPvsFIJ_20260708,4611.875494,5.298351781,OPP Feed,87,,,,,,Outside Circle,YES,,,,Q4,,,,,,,
SGPvsFIJ_20260708,4614.174474,5.201087286,OPP Feed,88,,,,,,Inside Circle,NO,,,,Q4,,,,,,,
SGPvsFIJ_20260708,4615.975029,5.313066324,OPP Feed,89,,,,,,Circle Edge,YES,,,,Q4,,,,,,,
SGPvsFIJ_20260708,4672.274548,5.197844992,OPP Feed,90,,,,,,Circle Edge,YES,,,,Q4,,,,,,,
SGPvsFIJ_20260708,4706.373319,5.318500136,OPP Feed,91,,,,,,Outside Circle,YES,,,,Q4,,,,,,,
SGPvsFIJ_20260708,4777.274843,5.397648726,OPP Feed,92,,,,,,Circle Edge,YES,,,,Q4,,,,,,,
SGPvsFIJ_20260708,4783.07559,5.300409646,OPP Feed,93,,,,,,Inside Circle,YES,,,,Q4,,,,,,,
SGPvsFIJ_20260708,22.57889436,11.00005769,OPP Shot,1,,,,,,,,,,,Q1,GS,Inner Right,OPP Goal,,,,
SGPvsFIJ_20260708,75.27875072,10.9987094,OPP Shot,2,,,,,,,,,,,Q1,GA,Inner Middle,OPP Goal,,,,
SGPvsFIJ_20260708,170.1023916,11.27736014,OPP Shot,3,,,,,,,,,,,Q1,GS,Inner Left,OPP Goal,,,,
SGPvsFIJ_20260708,215.7867676,11.19341088,OPP Shot,4,,,,,,,,,,,Q1,GS,Inner Right,OPP Goal,,,,
SGPvsFIJ_20260708,254.2747752,11.10489311,OPP Shot,5,,,,,,,,,,,Q1,GA,Inner Middle,OPP Goal,,,,
SGPvsFIJ_20260708,283.3779949,11.30263212,OPP Shot,6,,,,,,,,,,,Q1,GS,Inner Right,OPP Goal,,,,
SGPvsFIJ_20260708,591.7787371,10.99962767,OPP Shot,7,,,,,,,,,,,Q1,GA,Inner Left,OPP Miss,,,,
SGPvsFIJ_20260708,602.4793284,10.79996213,OPP Shot,8,,,,,,,,,,,Q1,GA,Inner Left,OPP Goal,,,,
SGPvsFIJ_20260708,652.9792509,11.19992526,OPP Shot,9,,,,,,,,,,,Q1,GA,Inner Right,OPP Goal,,,,
SGPvsFIJ_20260708,789.2801111,10,OPP Shot,10,,,,,,,,,,,Q1,GA,Inner Left,OPP Miss,,,,
SGPvsFIJ_20260708,899.3784881,11.10048394,OPP Shot,11,,,,,,,,,,,Q1,GS,Inner Middle,OPP Goal,,,,
SGPvsFIJ_20260708,1189.477456,10.99877989,OPP Shot,12,,,,,,,,,,,Q2,GA,Inner Left,OPP Goal,,,,
SGPvsFIJ_20260708,1482.578602,11.20018565,OPP Shot,13,,,,,,,,,,,Q2,GA,Inner Middle,OPP Goal,,,,
SGPvsFIJ_20260708,1522.98023,10.87963712,OPP Shot,14,,,,,,,,,,,Q2,GA,Inner Left,OPP Goal,,,,
SGPvsFIJ_20260708,1549.278808,11.69995424,OPP Shot,15,,,,,,,,,,,Q2,GS,Inner Right,OPP Goal,,,,
SGPvsFIJ_20260708,1621.174492,11.60022419,OPP Shot,16,,,,,,,,,,,Q2,GS,Inner Middle,OPP Goal,,,,
SGPvsFIJ_20260708,1668.979987,11.19844617,OPP Shot,17,,,,,,,,,,,Q2,GS,Inner Left,OPP Goal,,,,
SGPvsFIJ_20260708,1713.58231,11.10376517,OPP Shot,18,,,,,,,,,,,Q2,GS,Inner Left,OPP Goal,,,,
SGPvsFIJ_20260708,1817.27796,10.90172063,OPP Shot,19,,,,,,,,,,,Q2,GA,Inner Right,OPP Goal,,,,
SGPvsFIJ_20260708,1854.882921,11.17996356,OPP Shot,20,,,,,,,,,,,Q2,GS,Inner Right,OPP Goal,,,,
SGPvsFIJ_20260708,1960.188669,11.00162918,OPP Shot,21,,,,,,,,,,,Q2,GS,Inner Right,OPP Goal,,,,
SGPvsFIJ_20260708,2087.686178,10,OPP Shot,22,,,,,,,,,,,Q2,GA,Inner Left,OPP Goal,,,,
SGPvsFIJ_20260708,2133.078644,11.3002166,OPP Shot,23,,,,,,,,,,,Q2,GS,Outer Left,OPP Miss,,,,
SGPvsFIJ_20260708,2822.07983,11.00013816,OPP Shot,24,,,,,,,,,,,Q3,GA,Inner Middle,OPP Goal,,,,
SGPvsFIJ_20260708,2840.869175,11.21074642,OPP Shot,25,,,,,,,,,,,Q3,GS,Inner Left,OPP Goal,,,,
SGPvsFIJ_20260708,2905.57903,11.29803471,OPP Shot,26,,,,,,,,,,,Q3,GA,Inner Left,OPP Goal,,,,
SGPvsFIJ_20260708,3005.108833,10,OPP Shot,27,,,,,,,,,,,Q3,GS,Inner Right,OPP Goal,,,,
SGPvsFIJ_20260708,3028.17916,11.19846431,OPP Shot,28,,,,,,,,,,,Q3,GS,Inner Middle,OPP Miss,,,,
SGPvsFIJ_20260708,3033.27926,11.39851198,OPP Shot,29,,,,,,,,,,,Q3,GA,Inner Middle,OPP Goal,,,,
SGPvsFIJ_20260708,3126.777822,11.40238306,OPP Shot,30,,,,,,,,,,,Q3,GS,Inner Right,OPP Goal,,,,
SGPvsFIJ_20260708,3210.176438,10.90053638,OPP Shot,31,,,,,,,,,,,Q3,GA,Inner Right,OPP Goal,,,,
SGPvsFIJ_20260708,3322.578603,11.20049613,OPP Shot,32,,,,,,,,,,,Q3,GA,Inner Right,OPP Goal,,,,
SGPvsFIJ_20260708,3373.375201,11.00287088,OPP Shot,33,,,,,,,,,,,Q3,GS,Inner Right,OPP Miss,,,,
SGPvsFIJ_20260708,3376.077298,11.5006408,OPP Shot,34,,,,,,,,,,,Q3,GS,Inner Right,OPP Goal,,,,
SGPvsFIJ_20260708,3513.378615,11.1974918,OPP Shot,35,,,,,,,,,,,Q3,GA,Inner Left,OPP Goal,,,,
SGPvsFIJ_20260708,3825.077983,11.30030722,OPP Shot,36,,,,,,,,,,,Q4,GA,Inner Right,OPP Goal,,,,
SGPvsFIJ_20260708,3865.777797,11.00160832,OPP Shot,37,,,,,,,,,,,Q4,GS,Inner Middle,OPP Goal,,,,
SGPvsFIJ_20260708,3891.275779,11.20285199,OPP Shot,38,,,,,,,,,,,Q4,GS,Inner Left,OPP Goal,,,,
SGPvsFIJ_20260708,3963.278382,11.10073959,OPP Shot,39,,,,,,,,,,,Q4,GS,Inner Left,OPP Goal,,,,
SGPvsFIJ_20260708,4003.380035,11.09316532,OPP Shot,40,,,,,,,,,,,Q4,GS,Inner Middle,OPP Goal,,,,
SGPvsFIJ_20260708,4033.778807,11.60153462,OPP Shot,41,,,,,,,,,,,Q4,GS,Inner Middle,OPP Goal,,,,
SGPvsFIJ_20260708,4058.665745,11.71338218,OPP Shot,42,,,,,,,,,,,Q4,GS,Inner Middle,OPP Miss,,,,
SGPvsFIJ_20260708,4179.178933,11.39905882,OPP Shot,43,,,,,,,,,,,Q4,GA,Inner Left,OPP Goal,,,,
SGPvsFIJ_20260708,4222.112289,10,OPP Shot,44,,,,,,,,,,,Q4,GA,Inner Middle,OPP Goal,,,,
SGPvsFIJ_20260708,4359.678312,11.09710399,OPP Shot,45,,,,,,,,,,,Q4,GS,Inner Left,OPP Goal,,,,
SGPvsFIJ_20260708,4408.977538,11.09786605,OPP Shot,46,,,,,,,,,,,Q4,GS,Inner Left,OPP Goal,,,,
SGPvsFIJ_20260708,4483.876595,11.20251147,OPP Shot,47,,,,,,,,,,,Q4,GA,Inner Right,OPP Goal,,,,
SGPvsFIJ_20260708,4534.277515,11.30185615,OPP Shot,48,,,,,,,,,,,Q4,GA,Inner Right,OPP Goal,,,,
SGPvsFIJ_20260708,4588.576587,11.10110341,OPP Shot,49,,,,,,,,,,,Q4,GA,Inner Middle,OPP Goal,,,,
SGPvsFIJ_20260708,4614.178506,11.10017388,OPP Shot,50,,,,,,,,,,,Q4,GS,Inner Right,OPP Miss,,,,
SGPvsFIJ_20260708,4617.378264,11.20006063,OPP Shot,51,,,,,,,,,,,Q4,GS,Inner Right,OPP Goal,,,,
SGPvsFIJ_20260708,4674.379078,10.899547,OPP Shot,52,,,,,,,,,,,Q4,GS,Inner Right,OPP Goal,,,,
SGPvsFIJ_20260708,4705.879107,11.30127207,OPP Shot,53,,,,,,,,,,,Q4,GA,Inner Right,OPP Miss,,,,
SGPvsFIJ_20260708,4708.778849,10.8996039,OPP Shot,54,,,,,,,,,,,Q4,GS,Inner Left,OPP Goal,,,,
SGPvsFIJ_20260708,4780.978079,10.90012217,OPP Shot,55,,,,,,,,,,,Q4,GA,Inner Right,OPP Miss,,,,
SGPvsFIJ_20260708,4784.988356,11.27539093,OPP Shot,56,,,,,,,,,,,Q4,GA,Inner Right,OPP Goal,,,,
SGPvsFIJ_20260708,117.8705213,10,OPP PEN,1,,,,,,Circle Edge,YES,,Contact,,"Q1, Q1",,,,,,,
SGPvsFIJ_20260708,123.0750821,10,OPP PEN,2,,,,,,,,,Obstruction,,"Q1, Q1",,Inner Middle,,,,,
SGPvsFIJ_20260708,134.2748435,10,OPP PEN,3,,,,,,,,,Contact,,Q1,,,,,,,
SGPvsFIJ_20260708,143.7721673,10,OPP PEN,4,,,,,,,,,Contact,,Q1,,,,,,,
SGPvsFIJ_20260708,149.0020026,10,OPP PEN,5,,,,,,,,,Contact,,"Q1, Q1",GA,Inner Middle,SGP Goal,,,,
SGPvsFIJ_20260708,231.675351,10,OPP PEN,6,,,,,,,,,Contact,,Q1,,,,,,,
SGPvsFIJ_20260708,315.5960111,10,OPP PEN,7,,,,,,,,,Contact,,Q1,,,,,,,
SGPvsFIJ_20260708,325.9697505,10,OPP PEN,8,,,,,,,,,Obstruction,,Q1,,,,,,,
SGPvsFIJ_20260708,338.4749521,10,OPP PEN,9,,,,,,,,,Contact,,Q1,,,,,,,
SGPvsFIJ_20260708,349.875363,10,OPP PEN,10,,,,,,,,,Contact,,Q1,,,,,,,
SGPvsFIJ_20260708,454.0751714,10,OPP PEN,11,,,,,,,,,Contact,,Q1,,,,,,,
SGPvsFIJ_20260708,540.2749205,10,OPP PEN,12,,,,,,,,,Obstruction,,Q1,,,,,,,
SGPvsFIJ_20260708,543.1749079,10,OPP PEN,13,,,,,,,,,Obstruction,,Q1,,,,,,,
SGPvsFIJ_20260708,670.8754256,10,OPP PEN,14,,,,,,,,,Contact,,"Q1, Q1",,,,,,,
SGPvsFIJ_20260708,695.8758341,10,OPP PEN,15,,,,,,,,,Obstruction,,Q1,,,,,,,
SGPvsFIJ_20260708,711.2751968,10,OPP PEN,16,,,,,,Circle Edge,YES,,Contact,,"Q1, Q1",,,,,,,
SGPvsFIJ_20260708,750.5767762,10,OPP PEN,17,,,,,,,,,Obstruction,,Q1,,,,,,,
SGPvsFIJ_20260708,769.1134889,10,OPP PEN,18,,,,,,,,,Contact,,Q1,,,,,,,
SGPvsFIJ_20260708,795.5673556,10,OPP PEN,19,,,,,,,,,Contact,,Q1,,,,,,,
SGPvsFIJ_20260708,846.0750431,10,OPP PEN,20,,,,,,Circle Edge,YES,,Obstruction,,"Q1, Q1",,,,,,,
SGPvsFIJ_20260708,849.2787602,10,OPP PEN,21,,,,,,,,,Contact,,Q1,,,,,,,
SGPvsFIJ_20260708,1206.870997,10,OPP PEN,22,,,,,,,,,Contact,,Q2,,,,,,,
SGPvsFIJ_20260708,1208.872732,10,OPP PEN,23,,,,,,,,,Obstruction,,Q2,,,,,,,
SGPvsFIJ_20260708,1272.074714,10,OPP PEN,24,,,,,,,,,Contact,,Q2,,,,,,,
SGPvsFIJ_20260708,1309.373296,10,OPP PEN,25,,,,,,,,,Obstruction,,Q2,,,,,,,
SGPvsFIJ_20260708,1394.374372,10,OPP PEN,26,,,,,,,,,Obstruction,,Q2,,,,,,,
SGPvsFIJ_20260708,1445.174773,10,OPP PEN,27,,,,,,,,,Contact,,Q2,,,,,,,
SGPvsFIJ_20260708,1453.378018,10,OPP PEN,28,,,,,,,,,Obstruction,,"Q2, Q2",,Inner Left,,,,,
SGPvsFIJ_20260708,1571.274689,10,OPP PEN,29,,,,,,,,,Contact,,Q2,,,,,,,
SGPvsFIJ_20260708,1582.47502,10,OPP PEN,30,,,,,,,,,Obstruction,,Q2,,,,,,,
SGPvsFIJ_20260708,1648.474903,10,OPP PEN,31,,,,,,,,,Contact,,"Q2, Q2",,Outer Left,,,,,
SGPvsFIJ_20260708,1733.374678,10,OPP PEN,32,,,,,,,,,Contact,,Q2,,,,,,,
SGPvsFIJ_20260708,1910.515856,10,OPP PEN,33,,,,,,,,,Obstruction,,Q2,,,,,,,
SGPvsFIJ_20260708,1934.873771,10,OPP PEN,34,,,,,,,,,Obstruction,,Q2,,,,,,,
SGPvsFIJ_20260708,1986.776081,10,OPP PEN,35,,,,,,,,,Contact,,Q2,,,,,,,
SGPvsFIJ_20260708,2021.570558,10,OPP PEN,36,,,,,,,,,Obstruction,,Q2,,,,,,,
SGPvsFIJ_20260708,2032.37447,10,OPP PEN,37,,,,,,,,,Obstruction,,Q2,,,,,,,
SGPvsFIJ_20260708,2062.075311,10,OPP PEN,38,,,,,,,,,Contact,,Q2,,,,,,,
SGPvsFIJ_20260708,2109.076282,10,OPP PEN,39,,,,,,,,,Contact,,Q2,,,,,,,
SGPvsFIJ_20260708,2635.273062,10,OPP PEN,40,,,,,,,,,Contact,,Q3,,,,,,,
SGPvsFIJ_20260708,2699.171905,10,OPP PEN,41,,,,,,,,,Contact,,Q3,,,,,,,
SGPvsFIJ_20260708,2736.375201,10,OPP PEN,42,,,,,,,,,Obstruction,,Q3,,,,,,,
SGPvsFIJ_20260708,2775.774568,10,OPP PEN,43,,,,,,,,,Obstruction,,"Q3, Q3",,,,,,,
SGPvsFIJ_20260708,2860.070272,10,OPP PEN,44,,,,,,,,,Contact,,Q3,,,,,,,
SGPvsFIJ_20260708,2872.974761,10,OPP PEN,45,,,,,,,,,Obstruction,,Q3,,,,,,,
SGPvsFIJ_20260708,2876.570987,10,OPP PEN,46,,,,,,,,,Obstruction,,Q3,,,,,,,
SGPvsFIJ_20260708,3189.274786,10,OPP PEN,47,,,,,,Inside Circle,YES,,Contact,,"Q3, Q3",,,,,,,
SGPvsFIJ_20260708,3220.552844,10,OPP PEN,48,,,,,,,,,Obstruction,,Q3,,,,,,,
SGPvsFIJ_20260708,3455.972944,10,OPP PEN,49,,,,,,,,,Obstruction,,"Q3, Q3",,Outer Left,,,,,
SGPvsFIJ_20260708,3527.043633,10,OPP PEN,50,,,,,,,,,Obstruction,,Q3,,,,,,,
SGPvsFIJ_20260708,3910.675134,10,OPP PEN,51,,,,,,,,,Contact,,Q4,,,,,,,
SGPvsFIJ_20260708,3917.078281,10,OPP PEN,52,,,,,,,,,Obstruction,,"Q4, Q4",GA,Inner Left,SGP Goal,,,,
SGPvsFIJ_20260708,3979.573251,10,OPP PEN,53,,,,,,Circle Edge,YES,,Contact,,"Q4, Q4",,,,,,,
SGPvsFIJ_20260708,3986.586181,10,OPP PEN,54,,,,,,,,,Obstruction,,Q4,,,,,,,
SGPvsFIJ_20260708,4074.176587,10,OPP PEN,55,,,,,,,,,Obstruction,,Q4,,,,,,,
SGPvsFIJ_20260708,4111.177743,10,OPP PEN,56,,,,,,,,,Obstruction,,Q4,,,,,,,
SGPvsFIJ_20260708,4119.877943,10,OPP PEN,57,,,,,,,,,Contact,,Q4,,,,,,,
SGPvsFIJ_20260708,4198.275635,10,OPP PEN,58,,,,,,,,,Contact,,Q4,,,,,,,
SGPvsFIJ_20260708,4205.173712,10,OPP PEN,59,,,,,,,,,Contact,,Q4,,,,,,,
SGPvsFIJ_20260708,4211.378159,10,OPP PEN,60,,,,,,,,,Contact,,"Q4, Q4",GS,Outer Right,SGP Goal,,,,
SGPvsFIJ_20260708,4240.874711,10,OPP PEN,61,,,,,,,,,Obstruction,,Q4,,,,,,,
SGPvsFIJ_20260708,4272.5617,10,OPP PEN,62,,,,,,,,,Contact,,Q4,,,,,,,
SGPvsFIJ_20260708,4289.175278,10,OPP PEN,63,,,,,,,,,Obstruction,,Q4,,,,,,,
SGPvsFIJ_20260708,4298.672232,10,OPP PEN,64,,,,,,,,,Contact,,Q4,,,,,,,
SGPvsFIJ_20260708,4455.673094,10,OPP PEN,65,,,,,,,,,Obstruction,,Q4,,,,,,,
SGPvsFIJ_20260708,4504.002756,10,OPP PEN,66,,,,,,,,,Contact,,Q4,,,,,,,
SGPvsFIJ_20260708,4687.873735,10,OPP PEN,67,,,,,,Circle Edge,YES,,Contact,,"Q4, Q4",,,,,,,
SGPvsFIJ_20260708,4726.07513,10,OPP PEN,68,,,,,,,,,Contact,,Q4,,,,,,,
SGPvsFIJ_20260708,327.5736778,8,OPP Deflection,1,,,,,No,,,,,,Q1,,,,,,,
SGPvsFIJ_20260708,443.1661778,8,OPP Deflection,2,,,,,No,,,,,,Q1,,,,,,,
SGPvsFIJ_20260708,678.6745778,8,OPP Deflection,3,,,,,No,,,,,,Q1,,,,,,,
SGPvsFIJ_20260708,680.9464222,8,OPP Deflection,4,,,,,No,,,,,,Q1,,,,,,,
SGPvsFIJ_20260708,684.9695889,8,OPP Deflection,5,,,,,No,,,,,,Q1,,,,,,,
SGPvsFIJ_20260708,765.6411667,8,OPP Deflection,6,,,,,No,,,,,,Q1,,,,,,,
SGPvsFIJ_20260708,1234.253344,8,OPP Deflection,7,,,,,Yes,,,,,,Q2,,,,,,,
SGPvsFIJ_20260708,1788.5408,8,OPP Deflection,8,,,,,Yes,,,,,,Q2,,,,,,,
SGPvsFIJ_20260708,2726.741144,8,OPP Deflection,9,,,,,No,,,,,,Q3,,,,,,,
SGPvsFIJ_20260708,2931.982333,8,OPP Deflection,10,,,,,Yes,,,,,,Q3,,,,,,,
SGPvsFIJ_20260708,3260.420511,8,OPP Deflection,11,,,,,No,,,,,,Q3,,,,,,,
SGPvsFIJ_20260708,3286.815633,8,OPP Deflection,12,,,,,No,,,,,,Q3,,,,,,,
SGPvsFIJ_20260708,4019.357811,8,OPP Deflection,13,,,,,Yes,,,,,,Q4,,,,,,,
SGPvsFIJ_20260708,98.07439323,35.80428557,SGP Gains,1,,,,,,"Circle Edge, Circle Edge","YES, YES",Interception,,Reena Divya,"Q1, Q1, Q1, Q1, Q1, Q1",GA,Inner Middle,SGP Goal,Defensive Left Pocket,,,
SGPvsFIJ_20260708,322.4750408,47.70374523,SGP Gains,2,,,,,,Outside Circle,YES,Contact,,,"Q1, Q1, Q1, Q1, Q1, Q1",GS,Inner Right,SGP Goal,Defensive D,,,
SGPvsFIJ_20260708,415.2720718,55.00713587,SGP Gains,3,,,,,,Circle Edge,NO,Pass Out of Bounds,,,"Q1, Q1, Q1, Q1, Q1",GA,Outer Right,SGP Goal,Defensive D,,,
SGPvsFIJ_20260708,509.1746161,8.601620234,SGP Gains,4,,,,,,,,Interception,,Jamie Lim,Q1,,,,Defensive Right,,,
SGPvsFIJ_20260708,532.5754361,27.50165795,SGP Gains,5,,,,,,Circle Edge,YES,Pickups,,Faithmaria Lawrence,"Q1, Q1, Q1, Q1, Q1",GS,Inner Right,SGP Goal,Defensive Middle,,,
SGPvsFIJ_20260708,671.9732649,37.00646716,SGP Gains,6,,,,,,"Circle Edge, Circle Edge","YES, YES",Contact,,,"Q1, Q1, Q1, Q1, Q1",GS,Inner Left,SGP Goal,Center Mid Defense,,,
SGPvsFIJ_20260708,732.5756832,32.60345176,SGP Gains,7,,,,,,Circle Edge,YES,Held,,,"Q1, Q1, Q1, Q1",GA,Inner Right,SGP Goal,Defensive Right,,,
SGPvsFIJ_20260708,792.9236444,29.06744444,SGP Gains,8,,,,,,Circle Edge,YES,Missed Rebound,,Jamie Lim,"Q1, Q1, Q1, Q1",GA,Outer Middle,SGP Goal,Defensive D,,,
SGPvsFIJ_20260708,829.3755543,36.39893926,SGP Gains,9,,,,,,Circle Edge,YES,Pass Out of Bounds,,,"Q1, Q1, Q1, Q1, Q1",GA,Outer Middle,SGP Miss,Center Left Defense,,,
SGPvsFIJ_20260708,1226.873694,17.0037865,SGP Gains,10,,,,,,Circle Edge,NO,Interception,,Rachel Ling,"Q2, Q2",,,,Center Right Defense,,,
SGPvsFIJ_20260708,1257.672704,75.39943047,SGP Gains,11,,,,,,Circle Edge,YES,Pass Out of Bounds,,,"Q2, Q2, Q2, Q2, Q2",GS,Inner Middle,SGP Miss,Defensive Left Pocket,,,
SGPvsFIJ_20260708,1344.274961,46.10354078,SGP Gains,12,,,,,,"Outside Circle, Circle Edge, Circle Edge","YES, YES, YES",Interception,,Reena Divya,"Q2, Q2, Q2, Q2, Q2, Q2","GA, GS","Outer Right, Inner Left","SGP Miss, SGP Goal",Defensive Right Pocket,,,
SGPvsFIJ_20260708,1431.312044,27.01813333,SGP Gains,13,,,,,,"Circle Edge, Circle Edge","YES, YES",Pickups,,Goh Wei Ping,"Q2, Q2, Q2, Q2",GA,Inner Left,SGP Goal,Attacking Left,,,
SGPvsFIJ_20260708,1770.271321,29.00520934,SGP Gains,14,,,,,,Outside Circle,NO,Dropped Ball,,,"Q2, Q2",,,,Defensive Right Pocket,,,
SGPvsFIJ_20260708,1891.848833,30.838,SGP Gains,15,,,,,,Circle Edge,YES,Pass Out of Bounds,,,"Q2, Q2, Q2, Q2",GS,Inner Left,SGP Goal,Defensive Left Pocket,,,
SGPvsFIJ_20260708,2005.374677,45.00433142,SGP Gains,16,,,,,,"Outside Circle, Inside Circle, Circle Edge","YES, YES, YES",Interception,,,"Q2, Q2, Q2, Q2, Q2, Q2, Q2",GA,Inner Left,SGP Goal,Defensive D,,,
SGPvsFIJ_20260708,2659.868612,31.10994517,SGP Gains,17,,,,,,Circle Edge,YES,Pass Out of Bounds,,,"Q3, Q3, Q3",GA,Outer Middle,SGP Goal,Defensive D,,,
SGPvsFIJ_20260708,2716.775578,41.30163551,SGP Gains,18,,,,,,Inside Circle,YES,Interception,,Sindhu Nair,"Q3, Q3, Q3, Q3, Q3",GS,Inner Right,SGP Miss,Defensive D,,,
SGPvsFIJ_20260708,2776.876015,18.5029494,SGP Gains,19,,,,,,Circle Edge,YES,Obstruction,,,"Q3, Q3, Q3",GA,Inner Left,SGP Goal,Defensive D,,,
SGPvsFIJ_20260708,2984.335689,10.54987778,SGP Gains,20,,,,,,,,Pickups,,Jamie Lim,Q3,,,,Defensive D,,,
SGPvsFIJ_20260708,3054.872268,26.50681767,SGP Gains,21,,,,,,"Circle Edge, Inside Circle","YES, YES",Pass Out of Bounds,,,"Q3, Q3, Q3, Q3",GS,Inner Left,SGP Goal,Defensive Right Pocket,,,
SGPvsFIJ_20260708,3087.674805,36.10057548,SGP Gains,22,,,,,,Outside Circle,YES,Pass Out of Bounds,,,"Q3, Q3",,,,Defensive Right Pocket,,,
SGPvsFIJ_20260708,3157.871277,15.2070505,SGP Gains,23,,,,,,Circle Edge,YES,Interception,,Jamie Lim,"Q3, Q3, Q3",GA,Inner Right,SGP Goal,Center Right Defense,,,
SGPvsFIJ_20260708,3246.390334,35.18772757,SGP Gains,24,,,,,,Circle Edge,YES,Pass Out of Bounds,,,"Q3, Q3, Q3",GA,Outer Left,SGP Goal,Defensive Right Pocket,,,
SGPvsFIJ_20260708,3442.976386,23.30236009,SGP Gains,25,,,,,,"Circle Edge, Circle Edge","YES, YES",Interception,,Jamie Lim,"Q3, Q3, Q3, Q3, Q3",GS,Outer Left,SGP Goal,Defensive D,,,
SGPvsFIJ_20260708,3473.975258,23.69940474,SGP Gains,26,,,,,,Outside Circle,YES,Interception,,Jamie Lim,"Q3, Q3",,,,Defensive Left Pocket,,,
SGPvsFIJ_20260708,4064.57512,31.00373827,SGP Gains,27,,,,,,"Circle Edge, Circle Edge","YES, YES",Shot Out of Bounds,,,"Q4, Q4, Q4, Q4, Q4, Q4",GS,Inner Right,SGP Goal,Defensive D,,,
SGPvsFIJ_20260708,4154.373636,17.10096506,SGP Gains,28,,,,,,,,Pass Out of Bounds,,,Q4,,,,Defensive Left Pocket,,,
SGPvsFIJ_20260708,4277.274387,34.00408231,SGP Gains,29,,,,,,Inside Circle,YES,Contact,,,"Q4, Q4, Q4, Q4, Q4, Q4",GS,Inner Left,SGP Goal,Defensive D,,,
SGPvsFIJ_20260708,4645.376591,14.19745055,SGP Gains,30,,,,,,,,Pickups,,Sindhu Nair,Q4,,,,Defensive Middle,,,
SGPvsFIJ_20260708,47.9753827,38.30207741,SGP Turnovers,1,,,,,,Circle Edge,YES,Held,,Angelina Lim,"Q1, Q1, Q1, Q1, Q1",GA,Inner Middle,OPP Goal,Attacking Right,,,
SGPvsFIJ_20260708,269.6758101,25.00481695,SGP Turnovers,2,,,,,,Circle Edge,YES,Interception,,Goh Wei Ping,"Q1, Q1, Q1",GS,Inner Right,OPP Goal,Attacking D,,,
SGPvsFIJ_20260708,376.2783765,45.99369527,SGP Turnovers,3,,,,,,Circle Edge,NO,Dropped Ball,,Angelina Lim,"Q1, Q1, Q1, Q1",,,,Attacking Right Pocket,,,
SGPvsFIJ_20260708,510.7762363,28.79919981,SGP Turnovers,4,,,,,,,,Interception,,Jamie Lim,Q1,,,,Center Mid Attack,,,
SGPvsFIJ_20260708,625.6754415,38.50373458,SGP Turnovers,5,,,,,,"Circle Edge, Circle Edge","YES, YES",Obstruction,,Goh Wei Ping,"Q1, Q1, Q1, Q1, Q1, Q1, Q1",GA,Inner Right,OPP Goal,Attacking D,,,
SGPvsFIJ_20260708,774.7801444,25.1435,SGP Turnovers,6,,,,,,Outside Circle,YES,Contact,,Goh Wei Ping,"Q1, Q1, Q1, Q1",GA,Inner Left,OPP Miss,Attacking D,,,
SGPvsFIJ_20260708,858.7744935,51.70447856,SGP Turnovers,7,,,,,,"Outside Circle, Circle Edge","YES, YES",Shot Out of Bounds,,Toh Kai Wei,"Q1, Q1, Q1, Q1, Q1, Q1",GS,Inner Middle,OPP Goal,Attacking D,,,
SGPvsFIJ_20260708,922.8768255,24.8021382,SGP Turnovers,8,,,,,,,,Missed Rebound,,Toh Kai Wei,Q1,,,,Attacking D,,,
SGPvsFIJ_20260708,1236.87748,27.79522398,SGP Turnovers,9,,,,,,,,Interception,,Angelina Lim,"Q2, Q2",,,,Attacking Right,,,
SGPvsFIJ_20260708,1326.072135,25.202826,SGP Turnovers,10,,,,,,Outside Circle,NO,Missed Rebound,,Goh Wei Ping,"Q2, Q2, Q2",,,,Attacking D,,,
SGPvsFIJ_20260708,1424.474701,18.00059896,SGP Turnovers,11,,,,,,,,Interception,,Angelina Lim,Q2,,,,Attacking Left Pocket,,,
SGPvsFIJ_20260708,1498.478409,35.38145817,SGP Turnovers,12,,,,,,"Outside Circle, Circle Edge, Circle Edge","YES, YES, YES",Interception,,Rachel Ling,"Q2, Q2, Q2, Q2, Q2, Q2, Q2",GA,Inner Left,OPP Goal,Attacking D,,,
SGPvsFIJ_20260708,1792.276531,35.90314959,SGP Turnovers,13,,,,,,Outside Circle,NO,Dropped Ball,,Goh Wei Ping,"Q2, Q2, Q2, Q2, Q2, Q2",GA,Inner Right,OPP Goal,Attacking Right,,,
SGPvsFIJ_20260708,2751.077214,32.79880071,SGP Turnovers,14,,,,,,,,Missed Rebound,,Goh Wei Ping,"Q3, Q3, Q3",,,,Attacking D,,,
SGPvsFIJ_20260708,2800.575177,32.50479089,SGP Turnovers,15,,,,,,Circle Edge,YES,Missed Rebound,,Toh Kai Wei,"Q3, Q3, Q3, Q3",GA,Inner Middle,OPP Goal,Attacking D,,,
SGPvsFIJ_20260708,2931.3073,60.02838889,SGP Turnovers,16,,,,,,Circle Edge,NO,Interception,,Toh Kai Wei,"Q3, Q3, Q3, Q3, Q3, Q3, Q3",,,,Attacking D,,,
SGPvsFIJ_20260708,2987.885567,27.22326667,SGP Turnovers,17,,,,,,Circle Edge,YES,Offside,,Tan Yi Jie,"Q3, Q3, Q3, Q3",GS,Inner Right,OPP Goal,Defensive D,,,
SGPvsFIJ_20260708,3045.076993,16.79527453,SGP Turnovers,18,,,,,,Outside Circle,NO,Interception,,Tan Yi Jie,"Q3, Q3",,,,Center Left Attack,,,
SGPvsFIJ_20260708,3116.775381,21.4048248,SGP Turnovers,19,,,,,,Outside Circle,YES,Interception,,Goh Wei Ping,"Q3, Q3, Q3",GS,Inner Right,OPP Goal,Attacking Middle,,,
SGPvsFIJ_20260708,3401.959214,48.01717139,SGP Turnovers,20,,,,,,Outside Circle,NO,Missed Rebound,,Toh Kai Wei,"Q3, Q3, Q3, Q3, Q3",,,,Attacking D,,,
SGPvsFIJ_20260708,3490.674663,33.90144364,SGP Turnovers,21,,,,,,Outside Circle,YES,Held,,Toh Kai Wei,"Q3, Q3, Q3, Q3",GA,Inner Left,OPP Goal,Attacking D,,,
SGPvsFIJ_20260708,3544.09253,14.30979245,SGP Turnovers,22,,,,,,,,Missed Rebound,,Goh Wei Ping,Q3,,,,Attacking Left Pocket,,,
SGPvsFIJ_20260708,3851.87254,24.90686514,SGP Turnovers,23,,,,,,"Outside Circle, Inside Circle","YES, YES",Missed Rebound,,Goh Wei Ping,"Q4, Q4, Q4, Q4, Q4, Q4",GS,Inner Middle,OPP Goal,Attacking D,,,
SGPvsFIJ_20260708,4022.673465,22.70687613,SGP Turnovers,24,,,,,,Outside Circle,YES,Interception,,Toh Kai Wei,"Q4, Q4, Q4",GS,Inner Middle,OPP Goal,Attacking D,,,
SGPvsFIJ_20260708,4164.474601,26.10339072,SGP Turnovers,25,,,,,,Inside Circle,YES,Stepping,,Faithmaria Lawrence,"Q4, Q4, Q4, Q4, Q4",GA,Inner Left,OPP Goal,Center Right Defense,,,
SGPvsFIJ_20260708,4335.473177,35.30223876,SGP Turnovers,26,,,,,,Circle Edge,YES,Missed Rebound,,Toh Kai Wei,"Q4, Q4, Q4, Q4, Q4",GS,Inner Left,OPP Goal,Attacking D,,,
SGPvsFIJ_20260708,4565.674344,34.00334645,SGP Turnovers,27,,,,,,"Circle Edge, Inside Circle","YES, YES",Missed Rebound,,Charlotte Lee,"Q4, Q4, Q4, Q4, Q4",GA,Inner Middle,OPP Goal,Attacking D,,,
SGPvsFIJ_20260708,4652.574042,32.70458303,SGP Turnovers,28,,,,,,Circle Edge,YES,Stepping,,Tan Yi Jie,"Q4, Q4, Q4",GS,Inner Right,OPP Goal,Center Left Defense,,,
SGPvsFIJ_20260708,4752.974834,43.28891277,SGP Turnovers,29,,,,,,"Circle Edge, Inside Circle","YES, YES",Contact,,Charlotte Lee,"Q4, Q4, Q4, Q4, Q4, Q4, Q4","GA, GA","Inner Right, Inner Right","OPP Miss, OPP Goal",Attacking D,,,
SGPvsFIJ_20260708,952.9020635,1,FINISH QUARTER,1,,,,,,,,,,,Q1,,,,,,,
SGPvsFIJ_20260708,2175.38195,1,FINISH QUARTER,2,,,,,,,,,,,Q2,,,,,,,
SGPvsFIJ_20260708,3582.149078,1,FINISH QUARTER,3,,,,,,,,,,,Q3,,,,,,,
